fecha,lat,lon,evento
10/29/2018 22:05:00,-33.11956,-64.327968,Ráfagas y/o vientos intensos
10/30/2018 13:00:00,-32.95214,-60.76837,Rayos y/o truenos
12/16/2017 22:30:00,-30.965972,-64.098056,Rayos y/o truenos
2/14/2016 2:30:00,-30.97084,-64.08492,Lluvias intensas
10/30/2018 10:00:00,-32.85,-61.25,Granizo
10/29/2018 19:00:00,-33.278611,-65.614167,Granizo
10/30/2018 12:50:00,-31.39905,-64.334774,Granizo
11/3/2018 10:35:00,-31.759874,-65.00167,Rayos y/o truenos
10/29/2018 22:00:00,-33.13275,-64.336407,Ráfagas y/o vientos intensos
11/3/2018 13:45:00,-31.412047,-64.569949,Lluvias intensas
11/3/2018 14:37:00,-31.136877,-64.30521,Rayos y/o truenos
11/3/2018 14:10:00,-31.247224,-64.486128,Granizo
11/3/2018 11:30:00,-31.906637,-64.563729,Lluvias intensas
11/3/2018 14:30:00,-31.124098,-64.493581,Rayos y/o truenos
10/3/2018 14:10:00,-31.39905,-64.334774,Rayos y/o truenos
11/3/2018 13:30:00,-31.412047,-64.569949,Lluvias intensas
11/3/2018 13:00:00,-31.36096,-64.333492,Rayos y/o truenos
11/4/2018 7:36:00,-33.144595,-64.365,Ráfagas y/o vientos intensos
11/3/2018 15:00:00,-31.282416,-64.849363,Granizo
11/4/2018 0:30:00,-28.304883,-64.219885,Granizo
11/4/2018 20:30:00,-33.384444,-64.722778,Granizo
11/4/2018 20:30:00,-33.386563,-64.73911,Granizo
11/4/2018 17:00:00,-34.576043,-68.45783,Granizo
11/5/2018 16:25:00,-31.796994,-65.022455,Rayos y/o truenos
11/3/2018 19:45:00,-28.635705,-65.143686,Granizo
11/5/2018 23:30:00,-26.873517,-65.306842,Rayos y/o truenos
11/6/2018 0:26:00,-31.39905,-64.334774,Rayos y/o truenos
11/6/2018 0:45:00,-30.785021,-64.660503,Granizo
11/5/2018 15:30:00,-31.616632,-64.880317,Granizo
11/6/2018 2:00:00,-31.425394,-64.20198,Rayos y/o truenos
11/4/2018 19:00:00,-31.423182,-62.128334,Lluvias intensas
11/4/2018 17:30:00,-32.077224,-64.57482,Granizo
11/6/2018 15:00:00,-31.3609601,-64.333492,Rayos y/o truenos
11/6/2018 15:15:00,-31.4238533,-64.4953921,Lluvias intensas
11/6/2018 14:00:00,-32.348,-65.017,Lluvias intensas
11/5/2018 15:00:00,-32.348,-65.017,Rayos y/o truenos
11/6/2018 16:03:00,-31.135,-64.296,Lluvias intensas
11/6/2018 19:00:00,-31.4541,-64.2635,Lluvias intensas
11/9/2018 21:30:00,-35.46,-60.21,Rayos y/o truenos
11/9/2018 20:30:00,-35.073364,-60.462141,Granizo
11/10/2018 10:00:00,-34.603722,-58.381592,Lluvias intensas
11/10/2018 10:00:00,-35.6341,-59.78,Lluvias intensas
11/10/2018 14:15:00,-33.12,-64.35,Lluvias intensas
11/10/2018 15:05:00,-33.7401,-61.9719,Ráfagas y/o vientos intensos
11/8/2018 18:00:00,-37.6199,-58.7473,Lluvias intensas
11/10/2018 16:58:00,-31.97,-64.35,Granizo
11/10/2018 17:20:00,-31.9958,-64.3,Granizo
11/10/2018 17:15:00,-32.69,-62.1,Granizo
11/10/2018 16:00:00,-32.84,-62.86,Lluvias intensas
11/10/2018 18:00:00,-32.63,-62.69,Granizo
11/10/2018 19:00:00,-31.91,-63.68,Lluvias intensas
10/29/2018 21:00:00,-33.06,-64.21,Ráfagas y/o vientos intensos
9/18/2018 17:00:00,-33.06,-64.21,Granizo
11/10/2018 18:00:00,-32.59,-62.83,Granizo
11/10/2018 19:30:00,-32.943,-60.6563,Rayos y/o truenos
11/11/2018 7:00:00,-31.5,-64.19,Lluvias intensas
11/11/2018 0:00:00,-32.62,-62.69,Lluvias intensas
11/10/2018 20:00:00,-32.73,-65.288,Granizo
11/10/2018 23:30:00,-31.905,-64.99,Granizo
11/10/2018 9:00:00,-32.73,-65.288,Granizo
11/11/2018 10:00:00,,,Lluvias intensas
11/10/2018 23:50:00,-31.871,-64.98,Granizo
11/10/2018 22:00:00,,,Lluvias intensas
11/11/2018 12:05:00,-32.435,-63.248,Lluvias intensas
11/11/2018 10:00:00,-32.41,-63.235,Lluvias intensas
11/11/2018 8:00:00,-32.07,-64.537,Lluvias intensas
11/11/2018 10:00:00,-32.6977,-62.1,Lluvias intensas
11/10/2018 10:00:00,-34.92,-57.956,Lluvias intensas
11/10/2018 23:30:00,-31.871,-64.98,Granizo
11/11/2018 12:00:00,-31.727,-65.004,Lluvias intensas
11/10/2018 21:30:00,-31.911,-65.036,Granizo
11/11/2018 0:30:00,-32.943,-60.6563,Rayos y/o truenos
11/10/2018 23:00:00,-32.943,-60.6563,Lluvias intensas
11/10/2018 23:00:00,-32.423,-61.889,Lluvias intensas
11/10/2018 18:00:00,-34.856,-60.388,Ráfagas y/o vientos intensos
11/10/2018 19:45:00,-32.347,-65.016,Rayos y/o truenos
11/11/2018 21:15:00,-32.347,-65.016,Granizo
11/11/2018 21:30:00,-30.698,-64.074,Rayos y/o truenos
11/11/2018 22:50:00,-31.074,-64.489,Rayos y/o truenos
11/11/2018 0:00:00,-32.943,-60.6563,Rayos y/o truenos
11/11/2018 23:20:00,-32.281,-64.23,Granizo
11/11/2018 7:01:00,-31.42,-64.188,Rayos y/o truenos
11/11/2018 23:00:00,-31.664,-63.047,Lluvias intensas
11/11/2018 23:00:00,-28.637,-65.129,Rayos y/o truenos
11/11/2018 21:35:00,-30.705,-64.069,Granizo
11/11/2018 20:40:00,-31.652,-64.223,Granizo
11/11/2018 18:00:00,-30.722,-64.808,Granizo
11/12/2018 8:00:00,-31.42,-64.497,Lluvias intensas
11/11/2018 23:15:00,-30.42,-64.49,Granizo
11/11/2018 22:00:00,-32.346,-65.016,Granizo
11/11/2018 20:30:00,-33.12,-64.348,Rayos y/o truenos
11/11/2018 13:00:00,-31.676,-61.75,Granizo
11/12/2018 6:30:00,-33.12,-64.348,Lluvias intensas
11/10/2018 19:00:00,-32.41,-63.24,Lluvias intensas
11/11/2018 16:00:00,-31.871,-64.98,Granizo
11/12/2018 13:00:00,-32.452,-64.386,Lluvias intensas
11/10/2018 23:20:00,-31.833,-64.983,Granizo
11/10/2018 23:00:00,-34.977,-67.689,Granizo
10/11/2018 21:00:00,-31.726,-61.097,Lluvias intensas
11/10/2018 23:00:00,-34.996,-67.51,Granizo
11/12/2018 1:03:00,-31.136,-64.297,Rayos y/o truenos
11/12/2018 20:14:00,-31.413,-64.203,Rayos y/o truenos
11/12/2018 13:00:00,-31.094,-64.483,Lluvias intensas
11/11/2018 23:00:00,-31.205,-60.93,Lluvias intensas
11/11/2018 23:00:00,-32.916,-60.771,Rayos y/o truenos
11/11/2018 0:00:00,-35.023,-58.424,Lluvias intensas
11/11/2018 0:00:00,-32.696,-63.703,Lluvias intensas
11/12/2018 1:00:00,-36.3638,-62.3591,Lluvias intensas
11/13/2018 6:32:00,-31.8264,-65.0049,Ráfagas y/o vientos intensos
11/12/2018 1:30:00,-30.7896,-60.5919,Lluvias intensas
10/29/2018 21:00:00,-32.149234,-65.803668,Lluvias intensas
11/22/2018 10:00:00,-33.044167,-61.168056,Rayos y/o truenos
11/22/2018 11:00:00,-29.80277778,-64.716667,Ráfagas y/o vientos intensos
11/21/2018 10:00:00,-32.946667,-60.639167,Lluvias intensas
11/25/2018 16:05:00,-34.591825,-68.402856,Granizo
11/25/2018 19:59:00,-32.911944,-68.876111,Ráfagas y/o vientos intensos
11/25/2018 19:30:00,-33.1,-68.7167,Ráfagas y/o vientos intensos
11/25/2018 17:00:00,-34.617722,-68.330071,Granizo
11/25/2018 20:00:00,-33.081032,-68.46814,Ráfagas y/o vientos intensos
11/26/2018 4:00:00,-32.70055556,-63.70416667,Lluvias intensas
11/25/2018 22:10:00,-32.758,-68.397,Lluvias intensas
11/26/2018 16:38:00,-34.627453,-68.351532,Granizo
11/25/2018 16:20:00,-34.580087,-68.449014,Granizo
11/26/2018 16:45:00,-34.588466,-67.845038,Granizo
11/26/2018 0:00:00,-32.47,-64.396944,Lluvias intensas
11/27/2018 7:30:00,-30.70343,-64.065,Lluvias intensas
11/27/2018 20:15:00,-24.726944,-64.195278,Ráfagas y/o vientos intensos
11/28/2018 16:29:00,-33.46055,-68.60333,Granizo
11/29/2018 15:10:00,-33.384167,-64.716667,Granizo
11/29/2018 19:45:00,-31.783627,-64.908517,Lluvias intensas
11/29/2018 20:00:00,-31.72536,-64.908517,Lluvias intensas
11/30/2018 23:00:00,-34.563,-58.458,Rayos y/o truenos
11/29/2018 20:55:00,-28.416673,-65.28741,Rayos y/o truenos
12/1/2018 0:30:00,-31.681237,-65.28741,Rayos y/o truenos
11/30/2018 16:09:00,-31.510802,-65.28741,Granizo
11/28/2018 16:40:00,-31.726012,-65.004,Granizo
11/30/2018 22:00:00,-32.452824,-64.387135,Rayos y/o truenos
11/29/2018 19:00:00,-33.178426,-68.612769,Granizo
11/30/2018 22:29:00,-34.781753,-58.83774,Lluvias intensas
11/29/2018 19:30:00,-33.156111,-68.587778,Granizo
11/29/2018 14:40:00,-34.978292,-67.689557,Granizo
11/29/2018 15:00:00,-34.614632,-68.33929,Granizo
11/30/2018 18:00:00,-33.300214,-66.334214,Granizo
11/30/2018 17:15:00,-28.180013,-65.493979,Granizo
11/30/2018 17:20:00,-28.180037,-65.662505,Granizo
11/16/2018 19:20:00,-38.012427,-57.530487,Rayos y/o truenos
11/30/2018 16:57:00,-32.996111,-60.695278,Lluvias intensas
12/4/2018 16:23:00,-32.9121495,-68.8763407,Ráfagas y/o vientos intensos
12/4/2018 15:48:00,-31.418072,-64.202608,Rayos y/o truenos
12/4/2018 21:48:00,-31.418072,-64.202608,Rayos y/o truenos
12/4/2018 21:30:00,-31.783627,-64.908517,Rayos y/o truenos
12/4/2018 14:10:00,-31.579148,-64.606733,Rayos y/o truenos
12/4/2018 23:03:00,-31.424847,-64.492391,Rayos y/o truenos
12/4/2018 16:00:00,-30.960233,-64.518585,Lluvias intensas
12/5/2018 15:40:00,-31.97802,-64.70733,Granizo
12/5/2018 15:43:00,-31.611944,-64.758333,Granizo
12/5/2018 15:50:00,-31.611944,-64.758333,Granizo
12/5/2018 16:37:00,-31.611944,-64.758333,Granizo
12/5/2018 18:22:00,-31.611944,-64.758333,Lluvias intensas
12/5/2018 15:00:00,-31.529,-64.8,Lluvias intensas
12/5/2018 23:00:00,-29.417428,-66.855948,Rayos y/o truenos
12/6/2018 1:00:00,-28.1,-65.316667,Lluvias intensas
12/5/2018 23:00:00,-28.468611,-65.779167,Rayos y/o truenos
12/4/2018 18:30:00,-31.618056,-64.866222,Lluvias intensas
12/4/2018 17:39:00,-32.905278,-68.786667,Lluvias intensas
12/4/2018 16:40:00,-32.916667,-68.833333,Lluvias intensas
12/4/2018 16:24:00,-32.905278,-32.905278,Ráfagas y/o vientos intensos
12/1/2018 22:00:00,,,Rayos y/o truenos
11/30/2018 22:50:00,-34.665278,-58.7275,Rayos y/o truenos
11/27/2018 16:41:00,-27.451389,-58.986667,Lluvias intensas
11/27/2018 14:10:00,-35.028861,-68.677,Lluvias intensas
11/25/2018 21:10:00,-33.466667,-67.55,Granizo
11/29/2018 14:25:00,-34.966667,-67.7,Granizo
12/8/2018 16:18:00,-34.6175,-68.335556,Granizo
12/9/2018 13:30:00,-35.116667,-60.5,Ráfagas y/o vientos intensos
12/9/2018 0:51:00,-33.318611,-68.753889,Rayos y/o truenos
12/9/2018 7:20:00,-33.012315,-66.309479,Granizo
12/9/2018 13:10:00,-35.116667,-60.5,Lluvias intensas
12/9/2018 13:49:00,-35.416667,-60.166667,Ráfagas y/o vientos intensos
12/9/2018 18:40:00,-33.35,-61.350278,Lluvias intensas
12/9/2018 18:30:00,-33.4,-61.616667,Granizo
12/9/2018 18:30:00,-33.4,-61.616667,Granizo
12/9/2018 18:40:00,-33.35,-61.350278,Granizo
12/9/2018 18:40:00,-33.35,-61.350278,Granizo
12/9/2018 18:40:00,-33.35,-61.350278,Lluvias intensas
12/9/2018 18:30:00,-33.4,-61.616667,Ráfagas y/o vientos intensos
12/9/2018 17:50:00,-34.85,-61.516944,Granizo
11/26/2018 17:00:00,-34.617883,-68.300301,Granizo
12/10/2018 19:05:00,-35.233333,-63.583333,Granizo
12/10/2018 18:31:00,-35.416667,-64.483333,Granizo
12/10/2018 19:30:00,-35.666667,-63.733333,Lluvias intensas
12/10/2018 21:28:00,-35.033333,-63.016667,Rayos y/o truenos
12/10/2018 19:31:00,-34.931495,-62.737481,Rayos y/o truenos
12/10/2018 19:56:00,-35.7,-64.133333,Granizo
12/10/2018 19:57:00,-35,-63.35,Granizo
12/10/2018 20:07:00,-35.416667,-64.483333,Granizo
12/10/2018 20:40:00,-35.033333,-63.016667,Granizo
12/10/2018 18:20:00,-35.7,-64.133333,Granizo
12/10/2018 20:30:00,-35,-63.35,Granizo
12/10/2018 19:00:00,-35.533333,-63.8,Rayos y/o truenos
12/10/2018 18:20:00,-36.466667,-65.333333,Ráfagas y/o vientos intensos
12/10/2018 18:30:00,-35.7,-64.133333,Lluvias intensas
12/10/2018 19:02:00,-35.416667,-64.483333,Granizo
12/10/2018 21:30:00,-36.855006,-64.73186,Ráfagas y/o vientos intensos
12/10/2018 19:00:00,-35.387222,-64.282778,Granizo
12/10/2018 19:56:00,-35.7,-64.133333,Granizo
12/10/2018 21:14:00,-35.033333,-63.016667,Granizo
12/10/2018 19:56:00,-35.7,-64.133333,Granizo
12/10/2018 19:00:00,-35.416667,-64.483333,Ráfagas y/o vientos intensos
12/11/2018 9:20:00,-32.95,-60.65,Lluvias intensas
12/11/2018 8:08:00,-33.316667,-60.2,Lluvias intensas
12/10/2018 18:00:00,-35.384229,-64.297348,Granizo
12/11/2018 7:50:00,-33.333333,-60.216667,Lluvias intensas
12/11/2018 8:18:00,-33.324484,-62.041291,Lluvias intensas
12/10/2018 15:00:00,-33.906715,-65.42487,Granizo
12/10/2018 18:30:00,-35.392471,-62.440814,Granizo
12/11/2018 11:13:00,-24.766496,-66.722778,Lluvias intensas
12/11/2018 11:23:00,-33.749411,-61.969016,Lluvias intensas
12/10/2018 20:30:00,-35.033333,-63.016667,Granizo
12/11/2018 10:25:00,-32.473599,-59.390642,Lluvias intensas
12/11/2018 13:12:00,-32.32,-58.075556,Granizo
12/11/2018 13:17:00,-32.32,-58.075556,Rayos y/o truenos
12/11/2018 14:32:00,-31.633333,-60.7,Rayos y/o truenos
12/11/2018 14:45:00,-31.633333,-60.7,Granizo
12/11/2018 16:00:00,-30.916981,-62.690444,Granizo
12/11/2018 16:00:00,-30.916981,-62.690444,Ráfagas y/o vientos intensos
12/11/2018 15:50:00,-31.014844,-62.676881,Granizo
12/11/2018 9:38:00,-35.168698,-58.24047,Ráfagas y/o vientos intensos
12/11/2018 16:38:00,-30.916904,-62.707954,Ráfagas y/o vientos intensos
12/12/2018 9:48:00,-27.486234,-58.862427,Lluvias intensas
12/11/2018 15:30:00,-30.995156,-62.835391,Lluvias intensas
12/11/2018 14:32:00,-31.633333,-60.7,Rayos y/o truenos
12/11/2018 16:30:00,-31.41568,-63.092692,Granizo
12/11/2018 16:46:00,-30.916904,-62.707954,Ráfagas y/o vientos intensos
12/10/2018 22:05:00,-34.85,-61.516944,Rayos y/o truenos
12/12/2018 11:37:00,-27.460492,-59.065387,Lluvias intensas
12/11/2018 20:40:00,-32.17504,-58.803948,Granizo
12/11/2018 12:00:00,-33.008155,-58.618473,Lluvias intensas
12/12/2018 23:30:00,-28.455989,-62.864458,Ráfagas y/o vientos intensos
10/25/2018 22:08:00,-31.399344,-64.334429,Rayos y/o truenos
10/27/2018 20:17:00,-32.916667,-68.833333,Rayos y/o truenos
12/11/2018 20:40:00,,,Granizo
10/29/2018 22:45:00,-32.452778,-64.388056,Rayos y/o truenos
12/12/2018 10:56:00,-28.04627,-58.244841,Ráfagas y/o vientos intensos
10/29/2018 17:25:00,-33.3728,-69.1475,Granizo
12/11/2018 14:40:00,-31.671771,-60.761634,Granizo
10/31/2018 1:00:00,-27.333333,-65.583333,Granizo
12/11/2018 14:22:00,-31.617977,-60.776299,Rayos y/o truenos
10/31/2018 21:00:00,-27.3,-65.566667,Granizo
11/3/2018 14:00:00,-31.416667,-64.183333,Lluvias intensas
12/11/2018 15:34:00,-33.008011,-58.618474,Ráfagas y/o vientos intensos
12/11/2018 15:07:00,-31.671771,-60.761634,Granizo
11/4/2018 17:41:00,-34.6175,-68.335556,Granizo
12/12/2018 14:55:00,-24.91304,-65.657142,Granizo
11/6/2018 21:16:00,-32.06666,-65.333333,Rayos y/o truenos
11/15/2018 23:30:00,-34.4719,-58.655,Rayos y/o truenos
12/12/2018 16:36:00,-24.2411,-65.2619,Granizo
12/12/2018 16:30:00,-24.788333,-65.410556,Granizo
12/12/2018 17:20:00,-24.185556,-65.299444,Granizo
12/13/2018 8:52:00,-34.421347,-57.448207,Rayos y/o truenos
12/14/2018 1:10:00,-31.352605,-64.339796,Lluvias intensas
12/14/2018 1:00:00,-31.3786111,-64.23,Lluvias intensas
12/14/2018 1:44:00,-31.486733,-64.570875,Ráfagas y/o vientos intensos
12/14/2018 1:46:00,-31.483338,-64.558971,Ráfagas y/o vientos intensos
12/14/2018 1:52:00,-31.478651,-64.532943,Ráfagas y/o vientos intensos
12/14/2018 2:00:00,-31.474352,-64.542213,Lluvias intensas
12/14/2018 2:05:00,-31.437927,-64.501183,Lluvias intensas
12/13/2018 22:00:00,-31.617526,-64.876243,Lluvias intensas
12/13/2018 21:00:00,-31.5284666,-63.977312,Rayos y/o truenos
12/14/2018 0:00:00,-31.5284666,-63.977312,Rayos y/o truenos
12/14/2018 0:23:00,-34.55,-58.466667,Rayos y/o truenos
12/13/2018 0:00:00,-33.1243872,-64.41223,Rayos y/o truenos
12/14/2018 1:37:00,-31.344501,-64.370511,Lluvias intensas
12/14/2018 1:37:00,,,Lluvias intensas
12/13/2018 23:00:00,-34.6157437,-58.5733832,Rayos y/o truenos
12/13/2018 23:56:00,-32.0247923,-64.201582,Rayos y/o truenos
12/13/2018 10:18:00,-31.366349,-64.181043,Lluvias intensas
12/14/2018 0:17:00,-32.18598,-64.569693,Granizo
12/14/2018 3:14:00,-31.423182,-62.128249,Lluvias intensas
12/13/2018 12:17:00,-34.790609,-58.897479,Lluvias intensas
12/13/2018 23:30:00,-34.6157437,-58.5733832,Rayos y/o truenos
12/13/2018 19:30:00,-33.05,-65.616667,Granizo
12/14/2018 0:48:00,-34.6653,-58.7275,Rayos y/o truenos
12/13/2018 22:00:00,-32.066667,-64.533333,Granizo
12/13/2018 17:00:00,-31.714444,-55.982778,Granizo
12/14/2018 21:38:00,-25.79434,-66.056165,Rayos y/o truenos
12/13/2018 12:50:00,-34.89698,-60.019073,Lluvias intensas
12/14/2018 2:00:00,-31.100675,-60.109282,Ráfagas y/o vientos intensos
12/14/2018 2:00:00,-31.416703,-60.348324,Ráfagas y/o vientos intensos
12/14/2018 2:00:00,-31.194265,-60.168875,Ráfagas y/o vientos intensos
12/13/2018 22:22:00,-33.124243,-64.412231,Lluvias intensas
12/13/2018 10:30:00,-32.951937,-60.838248,Rayos y/o truenos
12/13/2018 23:20:00,-32.201135,-65.151839,Rayos y/o truenos
12/13/2018 23:55:00,-32.234562,-64.519105,Granizo
12/13/2018 23:55:00,-32.252275,-64.479965,Granizo
12/13/2018 23:55:00,-32.31947,-64.272904,Granizo
12/14/2018 0:00:00,-32.170446,-64.193388,Lluvias intensas
12/14/2018 1:37:00,-31.344501,-64.370425,Lluvias intensas
12/13/2018 23:59:00,-34.958478,-57.952942,Lluvias intensas
12/14/2018 11:32:00,-34.958478,-57.952942,Lluvias intensas
12/14/2018 1:30:00,-31.423109,-62.128249,Rayos y/o truenos
12/11/2018 12:34:00,-33.008011,-58.618474,Ráfagas y/o vientos intensos
12/11/2018 2:00:00,-33.689407,-59.700286,Lluvias intensas
12/14/2018 2:00:00,-31.423109,-62.128249,Ráfagas y/o vientos intensos
12/14/2018 2:00:00,-32.265703,-61.922127,Lluvias intensas
12/13/2018 23:28:00,-32.18598,-64.569693,Granizo
12/14/2018 2:00:00,-33.022838,-60.656861,Ráfagas y/o vientos intensos
12/14/2018 3:00:00,-31.747153,-60.585005,Ráfagas y/o vientos intensos
12/14/2018 1:12:00,-32.951937,-60.838248,Lluvias intensas
12/14/2018 2:00:00,-32.65896,-62.315178,Ráfagas y/o vientos intensos
12/14/2018 3:00:00,-31.858627,-59.102386,Ráfagas y/o vientos intensos
12/14/2018 2:00:00,-31.435813,-62.095024,Ráfagas y/o vientos intensos
12/14/2018 1:54:00,-32.920569,-60.886929,Lluvias intensas
12/14/2018 1:00:00,-33.893481,-60.635471,Ráfagas y/o vientos intensos
12/17/2018 3:00:00,-33.144579,-59.349873,Rayos y/o truenos
12/17/2018 4:21:00,-34.840203,-64.390699,Ráfagas y/o vientos intensos
12/17/2018 3:00:00,-34.837935,-64.58459,Ráfagas y/o vientos intensos
12/17/2018 5:39:00,-34.711096,-58.406527,Lluvias intensas
12/17/2018 5:36:00,-31.441887,-64.506266,Rayos y/o truenos
12/17/2018 4:00:00,-33.179251,-68.63294,Granizo
12/17/2018 12:41:00,-34.724225,-58.28174,Lluvias intensas
12/17/2018 3:00:00,-32.473599,-58.340074,Ráfagas y/o vientos intensos
12/17/2018 3:00:00,-32.66708,-58.443899,Ráfagas y/o vientos intensos
12/17/2018 1:30:00,-35.041046,-64.263142,Ráfagas y/o vientos intensos
12/17/2018 12:00:00,-34.764871,-58.489883,Lluvias intensas
12/17/2018 12:00:00,-34.661076,-58.366974,Lluvias intensas
12/17/2018 12:00:00,-34.795532,-58.305739,Lluvias intensas
12/17/2018 12:00:00,-34.727082,-58.35235,Lluvias intensas
12/17/2018 17:30:00,-31.550379,-61.094253,Lluvias intensas
12/17/2018 12:32:00,-34.724225,-58.28174,Lluvias intensas
12/18/2018 10:00:00,-34.566937,-59.186582,Lluvias intensas
12/18/2018 10:00:00,-28.76212,-60.108551,Lluvias intensas
12/17/2018 5:54:00,-34.636421,-58.863962,Lluvias intensas
12/17/2018 2:00:00,-34.899907,-58.01563,Ráfagas y/o vientos intensos
12/17/2018 7:12:00,-34.298617,-60.277849,Ráfagas y/o vientos intensos
12/17/2018 7:12:00,,,Ráfagas y/o vientos intensos
12/17/2018 7:23:00,-34.890139,-60.095395,Ráfagas y/o vientos intensos
12/17/2018 8:12:00,-34.590672,-61.025472,Ráfagas y/o vientos intensos
12/17/2018 8:24:00,-34.493243,-59.056998,Lluvias intensas
12/17/2018 8:46:00,-35.02267,-58.460901,Lluvias intensas
12/17/2018 5:00:00,-34.827799,-57.983381,Lluvias intensas
12/17/2018 4:00:00,-34.916753,-57.990094,Ráfagas y/o vientos intensos
12/17/2018 9:41:00,-34.575093,-58.468004,Lluvias intensas
12/17/2018 10:26:00,-34.679319,-58.479965,Ráfagas y/o vientos intensos
12/17/2018 9:00:00,-34.590672,-61.025472,Lluvias intensas
12/17/2018 13:20:00,-34.894606,-57.930248,Ráfagas y/o vientos intensos
12/17/2018 16:00:00,-34.735005,-58.500745,Lluvias intensas
12/17/2018 10:30:00,-35.266432,-59.650633,Lluvias intensas
12/17/2018 10:30:00,-35.266432,-59.650633,Ráfagas y/o vientos intensos
12/20/2018 0:09:00,-33.145737,-68.498763,Granizo
12/20/2018 17:39:00,-31.399344,-64.334431,Lluvias intensas
12/19/2018 23:50:00,-32.896111,-68.4433,Granizo
12/20/2018 5:15:00,-32.746207,-61.835721,Lluvias intensas
12/20/2018 12:50:00,-35.515584,-58.357484,Lluvias intensas
12/20/2018 14:57:00,-34.762761,-58.405322,Lluvias intensas
12/20/2018 15:23:00,-34.702165,-58.460278,Granizo
12/20/2018 15:22:00,-34.721907,-58.41592,Lluvias intensas
12/20/2018 16:42:00,-34.759336,-58.401878,Lluvias intensas
12/20/2018 16:26:00,-34.887408,-58.416186,Lluvias intensas
12/20/2018 16:49:00,-34.74276,-58.400243,Lluvias intensas
12/20/2018 16:55:00,-33.008155,-58.618473,Lluvias intensas
12/20/2018 17:03:00,-32.35092,-65.025301,Lluvias intensas
12/20/2018 17:33:00,-34.687953,-58.598915,Lluvias intensas
12/20/2018 17:13:00,-32.077224,-64.57482,Granizo
12/20/2018 16:30:00,-27.396292,-55.994557,Ráfagas y/o vientos intensos
12/20/2018 20:10:00,-34.596379,-58.476288,Lluvias intensas
12/20/2018 16:00:00,-34.615744,-58.573385,Lluvias intensas
12/20/2018 19:45:00,-34.560191,-58.483823,Lluvias intensas
12/20/2018 22:12:00,-27.454983,-55.896709,Ráfagas y/o vientos intensos
12/20/2018 15:46:00,-34.702165,-58.460278,Lluvias intensas
12/21/2018 9:09:00,-37.26841,-57.021249,Lluvias intensas
12/21/2018 8:39:00,-26.820054,-54.965523,Granizo
12/21/2018 8:15:00,-26.991827,-65.460907,Lluvias intensas
12/21/2018 3:48:00,-26.832842,-65.292635,Lluvias intensas
12/20/2018 18:44:00,-34.765593,-58.415259,Lluvias intensas
12/21/2018 17:18:00,-23.607293,-65.404091,Lluvias intensas
12/20/2018 17:05:00,-34.779774,-58.330005,Lluvias intensas
12/25/2018 20:55:00,-32.928818,-68.884726,Lluvias intensas
12/25/2018 22:18:00,-33.192073,-68.628009,Rayos y/o truenos
12/25/2018 22:31:00,-33.179288,-68.624185,Rayos y/o truenos
12/26/2018 9:49:00,-38.941214,-68.185441,Lluvias intensas
12/25/2018 20:45:00,-32.899999,-68.758755,Granizo
12/25/2018 23:41:00,-32.88333,-68.893539,Lluvias intensas
12/25/2018 20:47:00,-32.9121388,-68.8763206,Lluvias intensas
12/25/2018 22:53:00,-32.883258,-68.893539,Granizo
12/25/2018 22:45:00,-32.865052,-68.87237,Granizo
12/25/2018 22:09:00,-33.000095,-68.93701,Granizo
12/25/2018 20:30:00,-33.2995097,-68.0511007,Lluvias intensas
12/25/2018 20:30:00,-32.95132,-69.218615,Lluvias intensas
12/25/2018 20:52:00,-33.183963,-68.497442,Granizo
12/25/2018 21:00:00,-32.980907,-68.885656,Granizo
12/25/2018 23:42:00,-33.145773,-68.490008,Lluvias intensas
12/25/2018 23:42:00,-33.07195,-68.546706,Lluvias intensas
12/25/2018 23:42:00,-33.153656,-68.359363,Rayos y/o truenos
12/25/2018 23:50:00,-32.941602,-68.839066,Rayos y/o truenos
12/25/2018 23:00:00,-32.88333,-68.893539,Lluvias intensas
12/26/2018 16:43:00,-36.216872,-65.451079,Lluvias intensas
12/27/2018 14:30:00,-31.72903,-65.019997,Lluvias intensas
12/27/2018 10:00:00,-32.370738,-61.369321,Lluvias intensas
12/27/2018 19:29:00,-31.029554,-64.527612,Granizo
12/28/2018 12:12:00,-31.734526,-64.896597,Lluvias intensas
12/27/2018 22:20:00,-31.069653,-64.517377,Granizo
12/27/2018 11:00:00,-32.297206,-61.41736,Lluvias intensas
12/27/2018 9:41:00,-32.698818,-63.724201,Lluvias intensas
12/27/2018 8:32:00,-31.467356,-64.261108,Lluvias intensas
12/26/2018 22:54:00,-36.619367,-64.371276,Lluvias intensas
12/26/2018 22:37:00,-36.508155,-63.883087,Rayos y/o truenos
12/27/2018 15:00:00,-31.666742,-65.022997,Lluvias intensas
12/27/2018 15:00:00,-31.318681,-65.097614,Lluvias intensas
12/27/2018 15:00:00,-31.897883,-64.781603,Lluvias intensas
12/27/2018 20:58:00,-29.169668,-67.450296,Granizo
12/27/2018 20:52:00,-29.525653,-68.57231,Granizo
12/26/2018 17:00:00,-36.216872,-65.451079,Granizo
12/27/2018 17:59:00,-31.029554,-64.527612,Ráfagas y/o vientos intensos
12/26/2018 23:13:00,,,Granizo
12/26/2018 23:13:00,-25.305573,-66.265705,Granizo
12/28/2018 12:32:00,-28.455989,-62.864458,Lluvias intensas
12/27/2018 9:48:00,-32.02888,-61.233173,Lluvias intensas
12/27/2018 22:19:00,-25.314151,-64.914735,Ráfagas y/o vientos intensos
12/27/2018 5:00:00,-35.914621,-64.308687,Ráfagas y/o vientos intensos
12/27/2018 20:21:00,-37.098113,-56.894906,Lluvias intensas
12/27/2018 7:46:00,-32.419209,-63.274239,Lluvias intensas
12/27/2018 5:42:00,-33.321548,-62.055725,Lluvias intensas
12/27/2018 18:00:00,-31.399344,-64.334431,Rayos y/o truenos
12/29/2018 0:30:00,-37.015966,-62.435461,Rayos y/o truenos
12/29/2018 20:17:00,-37.488971,-61.932478,Rayos y/o truenos
12/30/2018 4:00:00,-31.399344,-64.334431,Ráfagas y/o vientos intensos
12/28/2018 19:20:00,-34.627488,-68.360229,Granizo
12/28/2018 19:08:00,-34.678071,-68.141319,Granizo
12/28/2018 19:54:00,-34.591198,-67.885785,Granizo
12/28/2018 19:21:00,-33.000309,-60.788123,Lluvias intensas
12/28/2018 19:43:00,-32.952284,-60.768198,Lluvias intensas
12/28/2018 20:33:00,-32.952284,-60.768198,Lluvias intensas
12/28/2018 23:02:00,-37.603561,-62.418295,Lluvias intensas
12/29/2018 9:06:00,-34.899265,-57.983059,Lluvias intensas
12/29/2018 19:30:00,-37.603561,-62.418295,Lluvias intensas
12/28/2018 19:00:00,-37.688728,-63.178219,Rayos y/o truenos
12/29/2018 21:58:00,-37.542229,-62.782017,Lluvias intensas
12/30/2018 3:02:00,-36.601289,-61.805474,Ráfagas y/o vientos intensos
12/29/2018 10:09:00,-37.671855,-63.551342,Granizo
12/29/2018 9:38:00,-34.702165,-58.460278,Lluvias intensas
12/29/2018 17:11:00,-38.941214,-68.185441,Ráfagas y/o vientos intensos
12/29/2018 17:00:00,-38.830224,-68.174103,Ráfagas y/o vientos intensos
12/29/2018 21:59:00,-35.661001,-63.786217,Ráfagas y/o vientos intensos
12/30/2018 1:00:00,-35.979821,-62.788695,Ráfagas y/o vientos intensos
12/30/2018 1:00:00,-36.749965,-62.975374,Ráfagas y/o vientos intensos
12/29/2018 12:25:00,-27.496129,-61.700252,Lluvias intensas
12/30/2018 0:51:00,-33.124387,-64.41223,Lluvias intensas
12/29/2018 22:12:00,-33.173964,-65.007036,Granizo
12/29/2018 19:00:00,-37.375619,-63.784347,Granizo
12/30/2018 2:00:00,-34.450541,-58.601619,Ráfagas y/o vientos intensos
12/30/2018 2:00:00,-34.196478,-60.750921,Ráfagas y/o vientos intensos
12/30/2018 2:30:00,-34.71117,-58.389017,Ráfagas y/o vientos intensos
12/30/2018 2:40:00,-34.553988,-58.771325,Lluvias intensas
12/30/2018 2:30:00,-34.920523,-57.98819,Ráfagas y/o vientos intensos
12/30/2018 2:00:00,-34.520076,-61.411039,Ráfagas y/o vientos intensos
12/30/2018 2:00:00,-34.669205,-58.651704,Ráfagas y/o vientos intensos
12/30/2018 3:00:00,-33.110493,-61.730253,Ráfagas y/o vientos intensos
12/30/2018 2:00:00,-34.681244,-58.823575,Ráfagas y/o vientos intensos
12/30/2018 0:59:00,-36.577014,-64.159418,Ráfagas y/o vientos intensos
12/30/2018 4:00:00,-33.297637,-66.379706,Ráfagas y/o vientos intensos
12/30/2018 3:00:00,-34.609828,-58.581192,Ráfagas y/o vientos intensos
12/30/2018 3:00:00,-33.689479,-59.700286,Ráfagas y/o vientos intensos
12/30/2018 3:00:00,-34.557609,-58.888537,Ráfagas y/o vientos intensos
12/30/2018 4:00:00,-33.458523,-61.50504,Lluvias intensas
12/30/2018 3:00:00,-34.744689,-58.465915,Ráfagas y/o vientos intensos
12/30/2018 11:44:00,-31.399344,-64.334431,Granizo
12/30/2018 11:52:00,-31.46478,-64.145837,Granizo
12/30/2018 2:30:00,-34.849699,-58.73194,Ráfagas y/o vientos intensos
12/30/2018 11:44:00,,,Granizo
12/30/2018 2:00:00,-34.595858,-58.439622,Ráfagas y/o vientos intensos
12/30/2018 2:00:00,-34.582968,-58.458368,Ráfagas y/o vientos intensos
12/30/2018 2:00:00,-34.60879,-58.526288,Ráfagas y/o vientos intensos
12/30/2018 2:00:00,-34.594993,-58.415679,Ráfagas y/o vientos intensos
12/30/2018 2:00:00,-34.5873,-58.440681,Ráfagas y/o vientos intensos
12/30/2018 2:00:00,-34.668577,-58.37413,Ráfagas y/o vientos intensos
12/30/2018 3:00:00,-33.606929,-62.631919,Rayos y/o truenos
12/30/2018 3:00:00,-31.409108,-64.177029,Ráfagas y/o vientos intensos
12/30/2018 14:32:00,-26.689064,-64.958997,Lluvias intensas
12/30/2018 2:00:00,-34.720828,-58.405144,Ráfagas y/o vientos intensos
12/30/2018 2:00:00,-34.718181,-58.397269,Ráfagas y/o vientos intensos
12/30/2018 2:00:00,-34.670861,-58.408295,Ráfagas y/o vientos intensos
12/30/2018 2:00:00,-34.685041,-58.387779,Ráfagas y/o vientos intensos
12/30/2018 2:30:00,-34.673098,-58.629081,Ráfagas y/o vientos intensos
12/30/2018 3:00:00,-31.372691,-64.207817,Ráfagas y/o vientos intensos
12/30/2018 2:30:00,-33.373203,-61.193063,Ráfagas y/o vientos intensos
12/30/2018 17:18:00,-26.832842,-65.292635,Lluvias intensas
12/30/2018 1:40:00,-34.61806,-59.015499,Ráfagas y/o vientos intensos
12/30/2018 18:34:00,-24.120959,-65.439642,Lluvias intensas
12/30/2018 0:18:00,-33.357538,-63.736543,Ráfagas y/o vientos intensos
12/30/2018 2:40:00,-33.350426,-60.290837,Ráfagas y/o vientos intensos
12/30/2018 2:30:00,-34.104711,-59.019794,Ráfagas y/o vientos intensos
12/30/2018 3:00:00,-35.076607,-57.535808,Ráfagas y/o vientos intensos
12/30/2018 2:00:00,-34.450541,-58.601619,Ráfagas y/o vientos intensos
12/30/2018 2:30:00,-34.636562,-58.863961,Ráfagas y/o vientos intensos
12/30/2018 2:45:00,-34.106387,-59.076802,Ráfagas y/o vientos intensos
12/30/2018 2:45:00,-34.10068,-59.028541,Ráfagas y/o vientos intensos
12/30/2018 2:45:00,-34.099217,-59.024567,Ráfagas y/o vientos intensos
12/30/2018 2:45:00,-34.095823,-59.029636,Ráfagas y/o vientos intensos
12/30/2018 2:45:00,-34.108009,-59.015974,Ráfagas y/o vientos intensos
12/30/2018 2:45:00,-34.10961,-59.024763,Ráfagas y/o vientos intensos
12/30/2018 2:45:00,-34.099022,-59.023317,Ráfagas y/o vientos intensos
12/30/2018 2:45:00,-34.109729,-59.01918,Ráfagas y/o vientos intensos
12/30/2018 2:45:00,-34.115647,-59.020839,Ráfagas y/o vientos intensos
12/30/2018 2:45:00,-34.112088,-59.026222,Ráfagas y/o vientos intensos
12/30/2018 2:45:00,-34.110408,-59.033062,Ráfagas y/o vientos intensos
12/30/2018 2:45:00,-34.111149,-59.018102,Ráfagas y/o vientos intensos
12/30/2018 2:45:00,-34.113251,-59.036445,Ráfagas y/o vientos intensos
12/30/2018 2:45:00,-34.110934,-59.03406,Ráfagas y/o vientos intensos
12/29/2018 20:43:00,-37.458808,-61.954915,Ráfagas y/o vientos intensos
12/30/2018 3:30:00,-36.376549,-56.769664,Ráfagas y/o vientos intensos
12/30/2018 3:00:00,-31.26305,-64.321035,Ráfagas y/o vientos intensos
12/30/2018 2:00:00,-35.041081,-64.263142,Ráfagas y/o vientos intensos
12/30/2018 3:00:00,-31.012596,-64.28824,Ráfagas y/o vientos intensos
12/29/2018 21:35:00,-33.676539,-65.498713,Rayos y/o truenos
12/29/2018 23:02:00,-33.124387,-64.41223,Rayos y/o truenos
12/30/2018 3:00:00,-32.914463,-64.035818,Lluvias intensas
12/30/2018 0:35:00,-35.120893,-60.479211,Ráfagas y/o vientos intensos
12/30/2018 11:55:00,-35.159561,-58.303393,Lluvias intensas
12/30/2018 11:21:00,-32.698818,-63.724201,Lluvias intensas
12/30/2018 10:10:00,-34.298688,-60.277849,Lluvias intensas
12/30/2018 9:48:00,-36.233312,-61.19024,Lluvias intensas
12/30/2018 9:38:00,-35.826134,-61.928771,Lluvias intensas
12/30/2018 3:00:00,-34.426813,-58.593355,Ráfagas y/o vientos intensos
12/30/2018 6:02:00,-31.399344,-64.334431,Rayos y/o truenos
12/30/2018 4:01:00,-32.952284,-60.768198,Lluvias intensas
12/30/2018 2:10:00,-34.004986,-61.615792,Rayos y/o truenos
12/29/2018 21:07:00,-38.090992,-61.974336,Rayos y/o truenos
12/29/2018 20:54:00,-36.662824,-64.401932,Rayos y/o truenos
12/30/2018 1:00:00,-38.283915,-59.220209,Rayos y/o truenos
12/30/2018 2:00:00,-33.239625,-60.840624,Ráfagas y/o vientos intensos
12/30/2018 2:00:00,-34.524154,-58.807201,Ráfagas y/o vientos intensos
1/1/2019 16:37:00,-27.406909,-55.97396,Lluvias intensas
1/1/2019 15:36:00,-38.366415,-60.354995,Granizo
1/1/2018 15:00:00,-38.404154,-62.504848,Ráfagas y/o vientos intensos
1/1/2019 20:30:00,-36.315732,-57.717732,Lluvias intensas
1/1/2019 21:01:00,-36.376549,-56.769664,Lluvias intensas
1/1/2019 15:44:00,-38.342792,-61.406111,Lluvias intensas
1/2/2019 13:05:00,-34.636562,-58.863961,Lluvias intensas
1/2/2018 3:15:00,-34.997197,-67.517133,Granizo
1/2/2019 9:22:00,-36.301463,-61.730643,Lluvias intensas
1/2/2019 9:48:00,-36.024301,-59.090167,Lluvias intensas
1/2/2019 11:15:00,-35.619309,-61.387124,Lluvias intensas
1/2/2019 11:15:00,-34.672637,-62.290115,Rayos y/o truenos
1/2/2019 8:55:00,-35.826135,-61.928771,Lluvias intensas
1/2/2019 13:55:00,-34.724296,-58.28174,Lluvias intensas
1/2/2019 13:40:00,-34.681244,-58.823575,Lluvias intensas
1/2/2019 13:59:00,-34.657122,-58.726477,Lluvias intensas
1/2/2019 14:00:00,-35.768606,-58.528656,Lluvias intensas
1/2/2019 14:10:00,-34.920853,-57.956413,Lluvias intensas
1/2/2019 8:00:00,-35.918335,-61.541833,Lluvias intensas
1/2/2019 8:00:00,-35.881931,-61.165253,Lluvias intensas
1/2/2019 8:00:00,-35.924582,-61.270385,Lluvias intensas
1/2/2019 8:00:00,-35.771436,-61.338276,Lluvias intensas
1/2/2019 8:00:00,-35.671848,-61.515881,Lluvias intensas
1/2/2019 8:00:00,-35.496417,-61.60603,Lluvias intensas
1/2/2019 8:00:00,-35.476769,-61.498368,Lluvias intensas
1/2/2019 8:00:00,-35.581677,-61.526177,Lluvias intensas
1/2/2019 8:00:00,-35.540892,-61.370919,Lluvias intensas
1/2/2019 8:00:00,-35.619309,-61.387124,Lluvias intensas
1/2/2019 23:50:00,-31.519235,-60.757348,Rayos y/o truenos
1/6/2019 16:30:00,-31.423182,-62.128248,Lluvias intensas
1/6/2019 0:30:00,-35.115186,-60.521806,Rayos y/o truenos
1/6/2019 16:59:00,-31.423182,-62.128248,Lluvias intensas
1/6/2019 16:37:00,-31.72903,-65.019997,Lluvias intensas
1/6/2019 12:00:00,-35.115186,-60.521806,Lluvias intensas
1/6/2019 12:00:00,-35.126384,-60.467511,Lluvias intensas
1/6/2019 12:00:00,-35.322766,-60.529582,Lluvias intensas
1/6/2019 12:00:00,-34.769713,-60.696336,Lluvias intensas
1/6/2019 12:00:00,-34.903786,-60.765628,Lluvias intensas
1/6/2019 12:00:00,-34.91129,-60.541199,Lluvias intensas
1/6/2019 12:00:00,-35.072833,-60.42262,Lluvias intensas
1/6/2019 12:00:00,-35.079116,-60.600508,Lluvias intensas
1/6/2019 15:59:00,-29.286093,-67.032134,Granizo
1/6/2019 15:30:00,-32.419209,-63.274239,Lluvias intensas
1/6/2019 15:22:00,-29.414292,-66.890797,Lluvias intensas
1/6/2019 11:50:00,-32.597569,-69.3654,Granizo
1/6/2019 1:50:00,-34.638556,-60.500991,Rayos y/o truenos
1/6/2019 1:14:00,-35.428015,-60.196303,Rayos y/o truenos
1/5/2019 20:40:00,-36.508155,-63.883087,Lluvias intensas
1/2/2019 15:36:00,-34.611588,-58.92846,Lluvias intensas
1/2/2019 14:00:00,-34.610663,-58.9604,Lluvias intensas
1/2/2019 14:00:00,-34.615915,-58.934856,Lluvias intensas
1/2/2019 14:00:00,-34.626793,-58.885488,Lluvias intensas
1/2/2019 14:00:00,-34.608824,-58.953632,Lluvias intensas
1/2/2019 14:00:00,-34.609243,-58.948977,Lluvias intensas
1/2/2019 14:00:00,-34.622693,-58.95095,Lluvias intensas
1/2/2019 14:00:00,-34.612582,-58.919994,Lluvias intensas
1/2/2019 19:01:00,-36.008698,-59.13021,Lluvias intensas
1/1/2019 16:00:00,-38.447554,-61.569246,Granizo
1/1/2019 16:00:00,-38.325801,-61.458035,Ráfagas y/o vientos intensos
1/3/2019 2:13:00,-26.832842,-65.292635,Lluvias intensas
1/1/2019 15:30:00,-33.435847,-59.076008,Ráfagas y/o vientos intensos
1/3/2019 2:14:00,-29.88461,-61.97776,Lluvias intensas
1/5/2019 19:34:00,-34.583734,-68.55689,Granizo
1/6/2019 0:04:00,-35.033329,-63.041302,Ráfagas y/o vientos intensos
1/6/2019 0:04:00,-35.035975,-63.002926,Ráfagas y/o vientos intensos
1/6/2019 0:04:00,-35.035975,-63.009492,Ráfagas y/o vientos intensos
1/6/2019 0:04:00,-35.036485,-63.019697,Ráfagas y/o vientos intensos
1/6/2019 1:49:00,-35.776235,-63.718525,Ráfagas y/o vientos intensos
1/5/2019 22:00:00,-34.84947,-62.481315,Ráfagas y/o vientos intensos
1/5/2019 20:44:00,-34.627488,-68.360229,Granizo
1/6/2019 0:49:00,-33.749569,-62.007345,Ráfagas y/o vientos intensos
1/5/2019 21:33:00,-37.603561,-62.418295,Rayos y/o truenos
1/6/2019 2:01:00,-34.74276,-58.400243,Rayos y/o truenos
1/6/2019 8:00:00,-31.728511,-68.705825,Granizo
1/6/2019 8:00:00,-31.686679,-68.632707,Granizo
1/6/2019 2:00:00,-35.141962,-62.248733,Ráfagas y/o vientos intensos
1/5/2019 19:07:00,-37.136934,-63.684543,Lluvias intensas
1/6/2019 2:00:00,-35.236359,-63.608976,Ráfagas y/o vientos intensos
1/6/2019 14:20:00,-31.913506,-64.59215,Lluvias intensas
1/6/2019 13:25:00,-34.723333,-63.525806,Lluvias intensas
1/6/2019 13:25:00,-34.793991,-63.794044,Lluvias intensas
1/6/2019 13:25:00,-34.472889,-63.546613,Lluvias intensas
1/6/2019 13:25:00,-34.670041,-63.389821,Lluvias intensas
1/6/2019 13:25:00,-34.771905,-62.997427,Lluvias intensas
1/6/2019 13:25:00,-34.884819,-63.452374,Lluvias intensas
1/6/2019 13:25:00,-34.54711,-63.183807,Lluvias intensas
1/6/2019 13:25:00,-34.780544,-63.204683,Lluvias intensas
1/6/2019 16:08:00,-29.414292,-66.890797,Lluvias intensas
1/6/2019 0:30:00,-35.047198,-63.131367,Ráfagas y/o vientos intensos
1/6/2019 17:59:00,-31.254826,-61.522803,Lluvias intensas
1/6/2019 16:04:00,-32.746243,-61.835721,Rayos y/o truenos
1/7/2019 12:08:00,-34.909483,-57.933638,Lluvias intensas
1/7/2019 7:23:00,-30.984398,-64.109721,Ráfagas y/o vientos intensos
1/7/2019 8:32:00,-30.923468,-65.007563,Lluvias intensas
1/7/2019 7:21:00,-30.356648,-63.955723,Ráfagas y/o vientos intensos
1/7/2019 1:02:00,-29.414292,-66.890797,Rayos y/o truenos
1/7/2019 12:43:00,-27.601482,-55.343287,Ráfagas y/o vientos intensos
1/7/2019 16:32:00,-29.062166,-63.357579,Lluvias intensas
1/7/2019 15:26:00,-37.142962,-56.910015,Lluvias intensas
1/8/2019 19:14:00,-35.428015,-60.196303,Granizo
1/8/2019 20:36:00,-27.486234,-58.862428,Lluvias intensas
1/8/2019 20:27:00,-26.991827,-65.460907,Ráfagas y/o vientos intensos
1/8/2019 21:03:00,-27.460644,-59.065386,Lluvias intensas
1/8/2019 21:33:00,-38.006302,-59.279494,Rayos y/o truenos
1/8/2019 22:25:00,-33.676539,-65.498713,Rayos y/o truenos
1/8/2019 21:15:00,-36.276809,-62.564595,Rayos y/o truenos
1/8/2019 22:20:00,-36.619367,-64.371276,Rayos y/o truenos
1/8/2019 21:43:00,-35.826135,-61.928771,Rayos y/o truenos
1/8/2019 19:52:00,-27.237197,-65.574798,Lluvias intensas
1/8/2019 6:00:00,-33.124387,-64.41223,Rayos y/o truenos
1/8/2019 10:40:00,-28.216668,-61.975426,Lluvias intensas
1/6/2019 18:42:00,-33.13262,-65.041807,Lluvias intensas
1/8/2019 18:30:00,-35.029591,-63.598363,Lluvias intensas
1/7/2019 4:30:00,-27.486234,-58.862428,Ráfagas y/o vientos intensos
1/7/2019 0:00:00,-30.014436,-59.547166,Lluvias intensas
1/7/2019 1:46:00,-32.628531,-62.73896,Lluvias intensas
1/7/2019 10:31:00,-27.486876,-55.15893,Ráfagas y/o vientos intensos
1/7/2019 8:16:00,-26.832842,-65.292635,Lluvias intensas
1/7/2019 11:39:00,-26.870556,-60.234385,Lluvias intensas
1/7/2019 15:39:00,-37.098113,-56.894906,Lluvias intensas
1/6/2019 21:27:00,-28.455989,-62.864458,Lluvias intensas
1/7/2019 4:00:00,-28.30824,-61.581851,Lluvias intensas
1/7/2019 4:00:00,-28.22934,-61.534644,Lluvias intensas
1/7/2019 4:00:00,-28.625419,-61.634377,Lluvias intensas
1/7/2019 1:33:00,-26.874197,-65.326751,Lluvias intensas
1/8/2019 0:15:00,-34.627488,-68.360229,Rayos y/o truenos
1/8/2019 4:30:00,-35.491062,-62.994676,Ráfagas y/o vientos intensos
1/8/0201 17:32:00,-31.722284,-64.414156,Granizo
1/8/2019 23:38:00,-27.470225,-58.851863,Lluvias intensas
1/8/2019 22:49:00,-29.785421,-58.07676,Rayos y/o truenos
1/8/2019 23:42:00,-33.908166,-68.378206,Rayos y/o truenos
1/9/2019 0:38:00,-36.619367,-64.371276,Lluvias intensas
1/9/2019 5:02:00,-37.744882,-57.43755,Rayos y/o truenos
1/8/2019 23:30:00,-35.661001,-63.786217,Lluvias intensas
1/9/2019 12:06:00,-29.704119,-57.190479,Lluvias intensas
1/9/2019 13:26:00,-28.552902,-56.072455,Lluvias intensas
1/9/2019 8:23:00,-37.098113,-56.894906,Ráfagas y/o vientos intensos
1/9/2019 2:22:00,-37.319518,-59.177722,Granizo
1/8/2019 20:04:00,-28.846521,-59.504721,Lluvias intensas
1/9/2019 2:53:00,-26.991827,-65.460907,Lluvias intensas
1/9/2019 14:00:00,-30.356648,-63.955723,Lluvias intensas
1/9/2019 0:00:00,-27.486234,-58.862428,Rayos y/o truenos
1/9/2019 7:00:00,-34.752947,-58.250872,Ráfagas y/o vientos intensos
1/9/2019 7:00:00,-34.740283,-58.308987,Ráfagas y/o vientos intensos
1/9/2019 7:00:00,-34.713026,-58.314538,Ráfagas y/o vientos intensos
1/9/2019 7:00:00,-34.707435,-58.2678,Ráfagas y/o vientos intensos
1/9/2019 7:00:00,-34.712746,-58.267783,Ráfagas y/o vientos intensos
1/9/2019 7:00:00,-34.722064,-58.276604,Ráfagas y/o vientos intensos
1/8/2019 23:01:00,-27.461569,-58.839651,Ráfagas y/o vientos intensos
1/9/2019 18:44:00,-31.404274,-58.007799,Lluvias intensas
1/9/2019 18:44:00,-31.747299,-60.585004,Lluvias intensas
1/10/2019 1:57:00,-27.42888,-64.820758,Lluvias intensas
1/9/2019 17:25:00,-32.325493,-60.033327,Lluvias intensas
1/9/2019 16:00:00,-31.949667,-65.205334,Rayos y/o truenos
1/10/2019 8:37:00,-27.5737,-60.737912,Lluvias intensas
1/10/2019 10:48:00,-30.014436,-59.547166,Lluvias intensas
1/10/2019 12:36:00,-28.042293,-59.229869,Lluvias intensas
1/10/2019 9:58:00,-30.976102,-60.676709,Lluvias intensas
1/10/2019 22:12:00,-28.462862,-62.126147,Lluvias intensas
1/11/2019 6:31:00,-30.2531,-57.660917,Lluvias intensas
1/10/2019 3:00:00,-32.413156,-65.025326,Rayos y/o truenos
1/9/2019 21:25:00,-30.948995,-59.80148,Lluvias intensas
1/8/2019 1:30:00,-27.460644,-59.065386,Lluvias intensas
1/10/2019 14:03:00,-27.099296,-61.116536,Lluvias intensas
1/10/2019 10:50:00,-27.828398,-64.079475,Ráfagas y/o vientos intensos
1/14/2019 18:54:00,-37.396745,-68.964536,Rayos y/o truenos
1/14/2019 13:48:00,-26.790972,-60.471519,Lluvias intensas
1/14/2019 13:47:00,-27.420711,-61.479077,Lluvias intensas
1/14/2019 13:01:00,-27.655496,-59.871563,Rayos y/o truenos
1/14/2019 2:27:00,-29.150609,-59.293295,Lluvias intensas
1/13/2019 17:40:00,-26.230382,-65.289668,Rayos y/o truenos
1/13/2019 8:41:00,-32.952284,-60.768198,Lluvias intensas
1/12/2019 20:42:00,-36.508155,-63.883087,Granizo
1/12/2019 20:17:00,-38.729547,-60.469513,Granizo
1/11/2019 20:02:00,-26.410328,-54.664946,Lluvias intensas
1/12/2019 16:48:00,-36.619367,-64.371276,Granizo
1/13/2019 10:28:00,-32.02888,-61.233173,Lluvias intensas
1/13/2019 13:00:00,-33.008155,-58.618473,Lluvias intensas
1/13/2018 13:54:00,-31.378583,-58.076641,Lluvias intensas
1/13/2019 16:38:00,-31.378583,-58.076641,Lluvias intensas
1/13/2019 15:45:00,-31.378583,-58.076641,Lluvias intensas
1/12/2019 17:55:00,-31.404274,-58.007799,Lluvias intensas
1/14/2019 0:23:00,-29.704119,-57.190479,Lluvias intensas
1/13/2019 23:04:00,-32.659828,-62.703933,Lluvias intensas
1/13/2019 18:41:00,-29.470361,-56.837687,Lluvias intensas
1/14/2019 1:17:00,-27.396292,-55.994557,Rayos y/o truenos
1/12/2019 14:00:00,-30.026683,-58.50037,Lluvias intensas
1/13/2019 12:00:00,-32.616018,-60.185931,Lluvias intensas
1/13/2019 14:33:00,-31.273873,-64.346216,Lluvias intensas
1/14/2019 12:19:00,-27.83379,-61.14409,Lluvias intensas
1/14/2019 14:30:00,-31.378583,-58.076641,Lluvias intensas
1/14/2019 12:43:00,-26.870556,-60.234385,Lluvias intensas
1/13/2019 19:27:00,-32.473759,-58.305053,Lluvias intensas
1/14/2019 11:58:00,-27.496129,-61.700252,Lluvias intensas
1/14/2019 12:43:00,-27.21784,-61.208694,Lluvias intensas
1/14/2019 12:43:00,-27.099296,-61.116536,Lluvias intensas
1/14/2019 12:43:00,-26.956355,-60.976265,Lluvias intensas
1/14/2019 12:43:00,-27.32685,-61.303416,Lluvias intensas
12/14/0019 12:43:00,-26.790972,-60.471519,Lluvias intensas
1/14/2019 12:43:00,-27.5737,-60.737912,Lluvias intensas
1/14/2019 16:16:00,-27.099296,-61.116536,Lluvias intensas
1/15/2019 19:10:00,-32.473759,-58.305053,Lluvias intensas
1/15/2019 19:47:00,-29.704119,-57.190479,Lluvias intensas
1/15/2019 10:08:00,-30.949438,-59.819247,Lluvias intensas
1/15/2019 12:17:00,-32.11854,-58.613201,Lluvias intensas
1/15/2019 12:55:00,-32.200376,-58.251529,Lluvias intensas
1/15/2019 9:00:00,-29.234818,-61.810468,Lluvias intensas
1/15/2019 20:55:00,-34.328995,-59.003655,Lluvias intensas
1/15/2019 20:59:00,-27.486234,-58.862428,Lluvias intensas
1/15/2019 19:31:00,-27.460644,-59.065386,Rayos y/o truenos
1/16/2019 13:40:00,-31.881135,-59.028135,Lluvias intensas
1/16/2019 18:20:00,-34.627488,-68.360229,Lluvias intensas
1/16/2019 18:20:00,-34.583734,-68.55689,Granizo
1/16/2019 18:20:00,-34.583332,-68.458755,Granizo
1/16/2019 18:20:00,-34.978002,-67.708501,Granizo
1/16/2019 21:21:00,-33.008155,-58.618473,Lluvias intensas
1/16/2019 22:48:00,-34.771905,-62.997427,Lluvias intensas
1/16/2019 21:38:00,-34.793991,-63.794044,Rayos y/o truenos
1/16/2019 11:05:00,-32.475254,-58.215446,Lluvias intensas
1/17/2019 0:00:00,-36.772296,-59.921128,Granizo
1/17/2019 0:00:00,-27.590494,-56.711811,Rayos y/o truenos
1/17/2019 3:10:00,-29.317067,-68.236176,Ráfagas y/o vientos intensos
1/17/2019 12:52:00,-29.893321,-60.301036,Lluvias intensas
1/17/2019 12:27:00,-32.35092,-65.025301,Ráfagas y/o vientos intensos
1/17/2019 12:33:00,-28.78333,-61.692085,Lluvias intensas
1/17/2019 14:52:00,-29.90811,-59.834252,Lluvias intensas
1/17/2019 14:58:00,-31.378583,-58.076641,Lluvias intensas
1/16/2019 22:00:00,-35.661001,-63.786217,Rayos y/o truenos
1/17/2019 12:00:00,-29.704119,-57.190479,Lluvias intensas
1/17/2019 8:54:00,-29.785421,-58.07676,Lluvias intensas
1/17/2019 14:39:00,-33.422416,-63.31045,Lluvias intensas
1/17/2019 15:23:00,-29.691496,-60.269228,Lluvias intensas
1/17/2019 19:18:00,-31.858787,-59.067364,Lluvias intensas
1/17/2019 22:48:00,-31.378583,-58.076641,Lluvias intensas
1/17/2019 18:08:00,-27.322838,-57.978883,Lluvias intensas
1/17/2019 17:09:00,-29.704119,-57.190479,Lluvias intensas
1/17/2019 11:07:00,-29.497941,-59.316254,Lluvias intensas
1/17/2019 8:40:00,-32.698818,-63.724201,Lluvias intensas
1/18/2019 0:40:00,-27.460644,-59.065386,Rayos y/o truenos
1/18/2019 9:36:00,-27.460644,-59.065386,Lluvias intensas
1/18/2019 1:20:00,-27.486234,-58.862428,Rayos y/o truenos
1/18/2019 13:59:00,-33.008155,-58.618473,Lluvias intensas
1/18/2019 17:58:00,-33.066229,-58.391296,Lluvias intensas
1/18/2019 17:58:00,-33.070809,-58.429453,Lluvias intensas
1/18/2019 17:58:00,-33.015575,-58.505912,Lluvias intensas
1/18/2019 18:23:00,-31.411932,-58.030993,Lluvias intensas
1/18/2019 10:56:00,-27.486234,-58.862428,Lluvias intensas
1/24/2019 2:20:00,-32.928746,-68.884726,Lluvias intensas
1/23/2019 15:45:00,-29.170444,-56.676914,Lluvias intensas
1/23/2019 5:00:00,-32.658959,-62.315178,Lluvias intensas
1/23/2019 5:00:00,-32.8835931,-62.687167,Lluvias intensas
1/23/2019 16:00:00,-31.3990508,-64.334431,Lluvias intensas
1/23/2019 20:40:00,-29.8277836,-69.748151,Lluvias intensas
1/25/2019 6:00:00,-34.6384855,-60.500991,Lluvias intensas
1/23/2019 8:00:00,-31.6179774,-60.776298,Lluvias intensas
1/25/2019 5:00:00,-35.0311562,-60.298323,Lluvias intensas
1/23/2019 11:00:00,-30.7457312,-59.653414,Lluvias intensas
1/25/2019 16:00:00,-31.9772085,-64.590912,Lluvias intensas
1/25/2019 18:30:00,-31.4120474,-64.569777,Lluvias intensas
1/25/2019 18:00:00,-31.3990508,-64.334431,Lluvias intensas
1/25/2019 20:00:00,-30.984361,-64.109721,Lluvias intensas
1/26/2019 4:00:00,-29.7950712,-64.400877,Lluvias intensas
1/26/2019 3:00:00,-33.5823511,-69.062079,Lluvias intensas
1/26/2019 2:04:00,-32.9287463,-68.884726,Rayos y/o truenos
1/24/2019 2:16:00,-32.9287463,-68.884726,Lluvias intensas
1/26/2019 2:00:00,-30.7849836,-64.66046,Lluvias intensas
1/27/2019 19:00:00,-34.6274175,-68.360229,Lluvias intensas
1/30/2019 2:40:00,-31.1240984,-64.493538,Lluvias intensas
1/30/2019 8:00:00,-29.3985014,-66.803371,Lluvias intensas
1/29/2019 15:00:00,-35.2710635,-57.260931,Lluvias intensas
1/29/2019 22:10:00,-32.3508838,-65.025301,Lluvias intensas
1/29/2019 19:00:00,-33.9246499,-64.410069,Lluvias intensas
1/29/2019 22:00:00,-34.581268,-58.629462,Lluvias intensas
1/30/2019 0:00:00,-33.8935675,-60.600449,Lluvias intensas
1/29/2019 21:00:00,-32.6987815,-63.724201,Lluvias intensas
1/30/2019 1:30:00,-31.09489,-64.514485,Lluvias intensas
1/30/2019 0:00:00,-31.9772085,-64.590912,Lluvias intensas
1/30/2019 19:00:00,-33.1142251,-68.499104,Lluvias intensas
1/31/2019 7:30:00,-30.6933511,-61.057208,Lluvias intensas
1/31/2019 16:00:00,-34.6375518,-58.379205,Lluvias intensas
1/30/2019 22:30:00,-32.9080898,-68.836063,Lluvias intensas
2/1/2019 23:00:00,-33.0718775,-68.546706,Lluvias intensas
2/8/2019 20:00:00,-34.8319778,-58.440095,Lluvias intensas
2/9/2019 22:30:00,-31.5257143,-68.52324,Lluvias intensas
2/7/2019 22:30:00,-35.979682,-62.788695,Granizo
2/8/2019 15:00:00,-32.6904247,-64.730904,Granizo
2/7/2019 22:30:00,-35.979682,-62.788695,Granizo
2/9/2019 7:00:00,-33.17927,-68.624185,Lluvias intensas
2/8/2019 0:15:00,-36.772158,-59.921128,Ráfagas y/o vientos intensos
2/8/2019 18:35:00,-32.0771512,-64.535358,Lluvias intensas
2/8/2019 18:00:00,-32.0771512,-64.535358,Lluvias intensas
2/22/2019 18:58:00,-31.722284,-64.414156,Granizo
2/22/2019 20:00:00,-31.724269,-64.456339,Granizo
2/22/2019 20:00:00,-31.397473,-64.230573,Granizo
2/22/2201 20:00:00,-31.434026,-64.130691,Granizo
2/22/2019 20:00:00,-31.439893,-64.162656,Granizo
2/22/2019 20:00:00,-31.356834,-64.172829,Granizo
2/22/2019 20:00:00,-31.438038,-64.140259,Granizo
2/22/2019 20:00:00,-31.399051,-64.334431,Granizo
2/22/2019 20:00:00,-35.114355,-65.26533,Granizo
2/14/2016 2:30:00,-30.97084,-64.08492,Inundaciones/Crecidas
10/30/2018 10:00:00,-32.85,-61.25,Inundaciones/Crecidas
10/29/2018 22:00:00,-33.13275,-64.336407,Inundaciones/Crecidas
11/3/2018 14:37:00,-31.136877,-64.30521,Inundaciones/Crecidas
11/3/2018 13:00:00,-31.36096,-64.333492,Inundaciones/Crecidas
11/4/2018 19:00:00,-31.423182,-62.128334,Inundaciones/Crecidas
11/6/2018 15:15:00,-31.4238533,-64.4953921,Inundaciones/Crecidas
11/6/2018 19:00:00,-31.4541,-64.2635,Inundaciones/Crecidas
11/10/2018 10:00:00,-35.6341,-59.78,Inundaciones/Crecidas
11/10/2018 14:15:00,-33.12,-64.35,Inundaciones/Crecidas
10/29/2018 21:00:00,-33.06,-64.21,Inundaciones/Crecidas
11/11/2018 10:00:00,-32.41,-63.235,Inundaciones/Crecidas
11/11/2018 8:00:00,-32.07,-64.537,Inundaciones/Crecidas
11/10/2018 10:00:00,-34.92,-57.956,Inundaciones/Crecidas
11/11/2018 12:00:00,-31.727,-65.004,Inundaciones/Crecidas
11/10/2018 21:30:00,-31.911,-65.036,Inundaciones/Crecidas
11/10/2018 23:00:00,-32.943,-60.6563,Inundaciones/Crecidas
11/12/2018 8:00:00,-31.42,-64.497,Inundaciones/Crecidas
11/10/2018 19:00:00,-32.41,-63.24,Inundaciones/Crecidas
11/12/2018 13:00:00,-32.452,-64.386,Inundaciones/Crecidas
11/11/2018 23:00:00,-31.205,-60.93,Inundaciones/Crecidas
11/11/2018 0:00:00,-35.023,-58.424,Inundaciones/Crecidas
11/12/2018 1:00:00,-36.3638,-62.3591,Inundaciones/Crecidas
11/12/2018 1:30:00,-30.7896,-60.5919,Inundaciones/Crecidas
10/29/2018 21:00:00,-32.149234,-65.803668,Inundaciones/Crecidas
11/22/2018 11:00:00,-29.80277778,-64.716667,Inundaciones/Crecidas
11/21/2018 10:00:00,-32.946667,-60.639167,Inundaciones/Crecidas
11/27/2018 7:30:00,-30.70343,-64.065,Inundaciones/Crecidas
11/27/2018 20:15:00,-24.726944,-64.195278,Inundaciones/Crecidas
11/29/2018 20:00:00,-31.72536,-64.908517,Inundaciones/Crecidas
11/29/2018 14:40:00,-34.978292,-67.689557,Inundaciones/Crecidas
11/29/2018 15:00:00,-34.614632,-68.33929,Inundaciones/Crecidas
11/30/2018 18:00:00,-33.300214,-66.334214,Inundaciones/Crecidas
11/16/2018 19:20:00,-38.012427,-57.530487,Inundaciones/Crecidas
12/4/2018 16:00:00,-30.960233,-64.518585,Inundaciones/Crecidas
12/5/2018 15:00:00,-31.529,-64.8,Inundaciones/Crecidas
12/4/2018 18:30:00,-31.618056,-64.866222,Inundaciones/Crecidas
12/4/2018 17:39:00,-32.905278,-68.786667,Inundaciones/Crecidas
12/4/2018 16:40:00,-32.916667,-68.833333,Inundaciones/Crecidas
11/27/2018 16:41:00,-27.451389,-58.986667,Inundaciones/Crecidas
11/27/2018 14:10:00,-35.028861,-68.677,Inundaciones/Crecidas
12/9/2018 18:40:00,-33.35,-61.350278,Inundaciones/Crecidas
12/9/2018 18:30:00,-33.4,-61.616667,Inundaciones/Crecidas
12/9/2018 18:40:00,-33.35,-61.350278,Inundaciones/Crecidas
12/9/2018 18:40:00,-33.35,-61.350278,Inundaciones/Crecidas
12/9/2018 18:40:00,-33.35,-61.350278,Inundaciones/Crecidas
12/10/2018 19:30:00,-35.666667,-63.733333,Inundaciones/Crecidas
12/10/2018 18:30:00,-35.7,-64.133333,Inundaciones/Crecidas
12/11/2018 9:20:00,-32.95,-60.65,Inundaciones/Crecidas
12/11/2018 8:08:00,-33.316667,-60.2,Inundaciones/Crecidas
12/11/2018 7:50:00,-33.333333,-60.216667,Inundaciones/Crecidas
12/11/2018 8:18:00,-33.324484,-62.041291,Inundaciones/Crecidas
12/11/2018 11:13:00,-24.766496,-66.722778,Inundaciones/Crecidas
12/11/2018 11:23:00,-33.749411,-61.969016,Inundaciones/Crecidas
12/11/2018 10:25:00,-32.473599,-59.390642,Inundaciones/Crecidas
12/11/2018 14:45:00,-31.633333,-60.7,Inundaciones/Crecidas
12/12/2018 9:48:00,-27.486234,-58.862427,Inundaciones/Crecidas
12/11/2018 15:30:00,-30.995156,-62.835391,Inundaciones/Crecidas
12/12/2018 11:37:00,-27.460492,-59.065387,Inundaciones/Crecidas
12/11/2018 12:00:00,-33.008155,-58.618473,Inundaciones/Crecidas
12/12/2018 23:30:00,-28.455989,-62.864458,Inundaciones/Crecidas
11/3/2018 14:00:00,-31.416667,-64.183333,Inundaciones/Crecidas
12/12/2018 17:20:00,-24.185556,-65.299444,Inundaciones/Crecidas
12/14/2018 1:10:00,-31.352605,-64.339796,Inundaciones/Crecidas
12/14/2018 2:00:00,-31.474352,-64.542213,Inundaciones/Crecidas
12/14/2018 2:05:00,-31.437927,-64.501183,Inundaciones/Crecidas
12/14/2018 0:00:00,-31.5284666,-63.977312,Inundaciones/Crecidas
12/14/2018 1:37:00,-31.344501,-64.370511,Inundaciones/Crecidas
12/14/2018 1:37:00,,,Inundaciones/Crecidas
12/13/2018 10:18:00,-31.366349,-64.181043,Inundaciones/Crecidas
12/14/2018 3:14:00,-31.423182,-62.128249,Inundaciones/Crecidas
12/14/2018 21:38:00,-25.79434,-66.056165,Inundaciones/Crecidas
12/13/2018 12:50:00,-34.89698,-60.019073,Inundaciones/Crecidas
12/14/2018 1:37:00,-31.344501,-64.370425,Inundaciones/Crecidas
12/11/2018 2:00:00,-33.689407,-59.700286,Inundaciones/Crecidas
12/14/2018 2:00:00,-32.265703,-61.922127,Inundaciones/Crecidas
12/14/2018 1:12:00,-32.951937,-60.838248,Inundaciones/Crecidas
12/14/2018 1:54:00,-32.920569,-60.886929,Inundaciones/Crecidas
12/17/2018 5:39:00,-34.711096,-58.406527,Inundaciones/Crecidas
12/17/2018 12:41:00,-34.724225,-58.28174,Inundaciones/Crecidas
12/17/2018 12:00:00,-34.764871,-58.489883,Inundaciones/Crecidas
12/17/2018 12:00:00,-34.661076,-58.366974,Inundaciones/Crecidas
12/17/2018 12:00:00,-34.795532,-58.305739,Inundaciones/Crecidas
12/17/2018 12:00:00,-34.727082,-58.35235,Inundaciones/Crecidas
12/17/2018 17:30:00,-31.550379,-61.094253,Inundaciones/Crecidas
12/17/2018 12:32:00,-34.724225,-58.28174,Inundaciones/Crecidas
12/18/2018 10:00:00,-34.566937,-59.186582,Inundaciones/Crecidas
12/18/2018 10:00:00,-28.76212,-60.108551,Inundaciones/Crecidas
12/17/2018 5:54:00,-34.636421,-58.863962,Inundaciones/Crecidas
12/17/2018 8:46:00,-35.02267,-58.460901,Inundaciones/Crecidas
12/17/2018 9:41:00,-34.575093,-58.468004,Inundaciones/Crecidas
12/17/2018 10:26:00,-34.679319,-58.479965,Inundaciones/Crecidas
12/17/2018 13:20:00,-34.894606,-57.930248,Inundaciones/Crecidas
12/17/2018 16:00:00,-34.735005,-58.500745,Inundaciones/Crecidas
12/17/2018 10:30:00,-35.266432,-59.650633,Inundaciones/Crecidas
12/20/2018 17:39:00,-31.399344,-64.334431,Inundaciones/Crecidas
12/20/2018 5:15:00,-32.746207,-61.835721,Inundaciones/Crecidas
12/20/2018 14:57:00,-34.762761,-58.405322,Inundaciones/Crecidas
12/20/2018 15:22:00,-34.721907,-58.41592,Inundaciones/Crecidas
12/20/2018 16:42:00,-34.759336,-58.401878,Inundaciones/Crecidas
12/20/2018 16:26:00,-34.887408,-58.416186,Inundaciones/Crecidas
12/20/2018 16:49:00,-34.74276,-58.400243,Inundaciones/Crecidas
12/20/2018 16:55:00,-33.008155,-58.618473,Inundaciones/Crecidas
12/20/2018 17:03:00,-32.35092,-65.025301,Inundaciones/Crecidas
12/20/2018 17:33:00,-34.687953,-58.598915,Inundaciones/Crecidas
12/20/2018 20:10:00,-34.596379,-58.476288,Inundaciones/Crecidas
12/20/2018 16:00:00,-34.615744,-58.573385,Inundaciones/Crecidas
12/20/2018 19:45:00,-34.560191,-58.483823,Inundaciones/Crecidas
12/20/2018 15:46:00,-34.702165,-58.460278,Inundaciones/Crecidas
12/21/2018 9:09:00,-37.26841,-57.021249,Inundaciones/Crecidas
12/21/2018 8:15:00,-26.991827,-65.460907,Inundaciones/Crecidas
12/21/2018 3:48:00,-26.832842,-65.292635,Inundaciones/Crecidas
12/20/2018 18:44:00,-34.765593,-58.415259,Inundaciones/Crecidas
12/21/2018 17:18:00,-23.607293,-65.404091,Inundaciones/Crecidas
12/20/2018 17:05:00,-34.779774,-58.330005,Inundaciones/Crecidas
12/25/2018 23:41:00,-32.88333,-68.893539,Inundaciones/Crecidas
12/25/2018 20:47:00,-32.9121388,-68.8763206,Inundaciones/Crecidas
12/25/2018 23:00:00,-32.88333,-68.893539,Inundaciones/Crecidas
12/27/2018 14:30:00,-31.72903,-65.019997,Inundaciones/Crecidas
12/27/2018 10:00:00,-32.370738,-61.369321,Inundaciones/Crecidas
12/28/2018 12:12:00,-31.734526,-64.896597,Inundaciones/Crecidas
12/27/2018 8:32:00,-31.467356,-64.261108,Inundaciones/Crecidas
12/27/2018 15:00:00,-31.666742,-65.022997,Inundaciones/Crecidas
12/27/2018 15:00:00,-31.318681,-65.097614,Inundaciones/Crecidas
12/27/2018 15:00:00,-31.897883,-64.781603,Inundaciones/Crecidas
12/26/2018 17:00:00,-36.216872,-65.451079,Inundaciones/Crecidas
12/28/2018 12:32:00,-28.455989,-62.864458,Inundaciones/Crecidas
12/27/2018 9:48:00,-32.02888,-61.233173,Inundaciones/Crecidas
12/27/2018 22:19:00,-25.314151,-64.914735,Inundaciones/Crecidas
12/27/2018 20:21:00,-37.098113,-56.894906,Inundaciones/Crecidas
12/28/2018 19:20:00,-34.627488,-68.360229,Inundaciones/Crecidas
12/28/2018 19:21:00,-33.000309,-60.788123,Inundaciones/Crecidas
12/28/2018 20:33:00,-32.952284,-60.768198,Inundaciones/Crecidas
12/28/2018 23:02:00,-37.603561,-62.418295,Inundaciones/Crecidas
12/29/2018 9:06:00,-34.899265,-57.983059,Inundaciones/Crecidas
12/29/2018 19:30:00,-37.603561,-62.418295,Inundaciones/Crecidas
12/28/2018 19:00:00,-37.688728,-63.178219,Inundaciones/Crecidas
12/29/2018 9:38:00,-34.702165,-58.460278,Inundaciones/Crecidas
12/29/2018 12:25:00,-27.496129,-61.700252,Inundaciones/Crecidas
12/30/2018 0:51:00,-33.124387,-64.41223,Inundaciones/Crecidas
12/29/2018 22:12:00,-33.173964,-65.007036,Inundaciones/Crecidas
12/30/2018 2:40:00,-34.553988,-58.771325,Inundaciones/Crecidas
12/30/2018 14:32:00,-26.689064,-64.958997,Inundaciones/Crecidas
12/30/2018 17:18:00,-26.832842,-65.292635,Inundaciones/Crecidas
12/30/2018 18:34:00,-24.120959,-65.439642,Inundaciones/Crecidas
1/1/2019 15:36:00,-38.366415,-60.354995,Inundaciones/Crecidas
1/1/2019 20:30:00,-36.315732,-57.717732,Inundaciones/Crecidas
1/1/2019 21:01:00,-36.376549,-56.769664,Inundaciones/Crecidas
1/2/2019 13:05:00,-34.636562,-58.863961,Inundaciones/Crecidas
1/2/2019 9:22:00,-36.301463,-61.730643,Inundaciones/Crecidas
1/2/2019 9:48:00,-36.024301,-59.090167,Inundaciones/Crecidas
1/2/2019 11:15:00,-35.619309,-61.387124,Inundaciones/Crecidas
1/2/2019 8:55:00,-35.826135,-61.928771,Inundaciones/Crecidas
1/2/2019 13:55:00,-34.724296,-58.28174,Inundaciones/Crecidas
1/2/2019 13:40:00,-34.681244,-58.823575,Inundaciones/Crecidas
1/2/2019 13:59:00,-34.657122,-58.726477,Inundaciones/Crecidas
1/2/2019 8:00:00,-35.619309,-61.387124,Inundaciones/Crecidas
1/6/2019 16:30:00,-31.423182,-62.128248,Inundaciones/Crecidas
1/6/2019 16:59:00,-31.423182,-62.128248,Inundaciones/Crecidas
1/2/2019 15:36:00,-34.611588,-58.92846,Inundaciones/Crecidas
1/2/2019 14:00:00,-34.626793,-58.885488,Inundaciones/Crecidas
1/2/2019 14:00:00,-34.608824,-58.953632,Inundaciones/Crecidas
1/2/2019 14:00:00,-34.609243,-58.948977,Inundaciones/Crecidas
1/2/2019 14:00:00,-34.622693,-58.95095,Inundaciones/Crecidas
1/2/2019 14:00:00,-34.612582,-58.919994,Inundaciones/Crecidas
1/2/2019 19:01:00,-36.008698,-59.13021,Inundaciones/Crecidas
1/3/2019 2:13:00,-26.832842,-65.292635,Inundaciones/Crecidas
1/6/2019 0:04:00,-35.033329,-63.041302,Inundaciones/Crecidas
1/6/2019 16:08:00,-29.414292,-66.890797,Inundaciones/Crecidas
1/6/2019 17:59:00,-31.254826,-61.522803,Inundaciones/Crecidas
1/7/2019 8:32:00,-30.923468,-65.007563,Inundaciones/Crecidas
1/7/2019 16:32:00,-29.062166,-63.357579,Inundaciones/Crecidas
1/8/2019 20:36:00,-27.486234,-58.862428,Inundaciones/Crecidas
1/8/2019 20:27:00,-26.991827,-65.460907,Inundaciones/Crecidas
1/8/2019 21:03:00,-27.460644,-59.065386,Inundaciones/Crecidas
1/8/2019 19:52:00,-27.237197,-65.574798,Inundaciones/Crecidas
1/8/2019 10:40:00,-28.216668,-61.975426,Inundaciones/Crecidas
1/6/2019 18:42:00,-33.13262,-65.041807,Inundaciones/Crecidas
1/7/2019 4:30:00,-27.486234,-58.862428,Inundaciones/Crecidas
1/7/2019 1:46:00,-32.628531,-62.73896,Inundaciones/Crecidas
1/7/2019 8:16:00,-26.832842,-65.292635,Inundaciones/Crecidas
1/7/2019 11:39:00,-26.870556,-60.234385,Inundaciones/Crecidas
1/6/2019 21:27:00,-28.455989,-62.864458,Inundaciones/Crecidas
1/7/2019 4:00:00,-28.30824,-61.581851,Inundaciones/Crecidas
1/7/2019 4:00:00,-28.22934,-61.534644,Inundaciones/Crecidas
1/7/2019 4:00:00,-28.625419,-61.634377,Inundaciones/Crecidas
1/7/2019 1:33:00,-26.874197,-65.326751,Inundaciones/Crecidas
1/8/2019 23:38:00,-27.470225,-58.851863,Inundaciones/Crecidas
1/9/2019 0:38:00,-36.619367,-64.371276,Inundaciones/Crecidas
1/8/2019 23:30:00,-35.661001,-63.786217,Inundaciones/Crecidas
1/9/2019 12:06:00,-29.704119,-57.190479,Inundaciones/Crecidas
1/9/2019 13:26:00,-28.552902,-56.072455,Inundaciones/Crecidas
1/8/2019 20:04:00,-28.846521,-59.504721,Inundaciones/Crecidas
1/9/2019 2:53:00,-26.991827,-65.460907,Inundaciones/Crecidas
1/9/2019 14:00:00,-30.356648,-63.955723,Inundaciones/Crecidas
1/9/2019 18:44:00,-31.404274,-58.007799,Inundaciones/Crecidas
1/9/2019 17:25:00,-32.325493,-60.033327,Inundaciones/Crecidas
1/10/2019 8:37:00,-27.5737,-60.737912,Inundaciones/Crecidas
1/10/2019 10:48:00,-30.014436,-59.547166,Inundaciones/Crecidas
1/10/2019 12:36:00,-28.042293,-59.229869,Inundaciones/Crecidas
1/10/2019 9:58:00,-30.976102,-60.676709,Inundaciones/Crecidas
1/10/2019 22:12:00,-28.462862,-62.126147,Inundaciones/Crecidas
1/11/2019 6:31:00,-30.2531,-57.660917,Inundaciones/Crecidas
1/9/2019 21:25:00,-30.948995,-59.80148,Inundaciones/Crecidas
1/8/2019 1:30:00,-27.460644,-59.065386,Inundaciones/Crecidas
1/10/2019 14:03:00,-27.099296,-61.116536,Inundaciones/Crecidas
1/14/2019 13:48:00,-26.790972,-60.471519,Inundaciones/Crecidas
1/14/2019 13:47:00,-27.420711,-61.479077,Inundaciones/Crecidas
1/14/2019 2:27:00,-29.150609,-59.293295,Inundaciones/Crecidas
1/13/2019 8:41:00,-32.952284,-60.768198,Inundaciones/Crecidas
1/11/2019 20:02:00,-26.410328,-54.664946,Inundaciones/Crecidas
1/13/2019 10:28:00,-32.02888,-61.233173,Inundaciones/Crecidas
1/13/2019 13:00:00,-33.008155,-58.618473,Inundaciones/Crecidas
1/13/2018 13:54:00,-31.378583,-58.076641,Inundaciones/Crecidas
1/13/2019 16:38:00,-31.378583,-58.076641,Inundaciones/Crecidas
1/13/2019 15:45:00,-31.378583,-58.076641,Inundaciones/Crecidas
1/12/2019 17:55:00,-31.404274,-58.007799,Inundaciones/Crecidas
1/14/2019 0:23:00,-29.704119,-57.190479,Inundaciones/Crecidas
1/13/2019 23:04:00,-32.659828,-62.703933,Inundaciones/Crecidas
1/13/2019 18:41:00,-29.470361,-56.837687,Inundaciones/Crecidas
1/12/2019 14:00:00,-30.026683,-58.50037,Inundaciones/Crecidas
1/13/2019 12:00:00,-32.616018,-60.185931,Inundaciones/Crecidas
1/14/2019 12:19:00,-27.83379,-61.14409,Inundaciones/Crecidas
1/14/2019 12:43:00,-26.870556,-60.234385,Inundaciones/Crecidas
1/13/2019 19:27:00,-32.473759,-58.305053,Inundaciones/Crecidas
1/14/2019 11:58:00,-27.496129,-61.700252,Inundaciones/Crecidas
1/14/2019 12:43:00,-27.21784,-61.208694,Inundaciones/Crecidas
1/14/2019 12:43:00,-27.099296,-61.116536,Inundaciones/Crecidas
1/14/2019 12:43:00,-26.956355,-60.976265,Inundaciones/Crecidas
1/14/2019 12:43:00,-27.32685,-61.303416,Inundaciones/Crecidas
12/14/0019 12:43:00,-26.790972,-60.471519,Inundaciones/Crecidas
1/14/2019 12:43:00,-27.5737,-60.737912,Inundaciones/Crecidas
1/14/2019 16:16:00,-27.099296,-61.116536,Inundaciones/Crecidas
1/15/2019 19:10:00,-32.473759,-58.305053,Inundaciones/Crecidas
1/15/2019 19:47:00,-29.704119,-57.190479,Inundaciones/Crecidas
1/15/2019 10:08:00,-30.949438,-59.819247,Inundaciones/Crecidas
1/15/2019 12:17:00,-32.11854,-58.613201,Inundaciones/Crecidas
1/15/2019 12:55:00,-32.200376,-58.251529,Inundaciones/Crecidas
1/15/2019 9:00:00,-29.234818,-61.810468,Inundaciones/Crecidas
1/16/2019 13:40:00,-31.881135,-59.028135,Inundaciones/Crecidas
1/16/2019 21:21:00,-33.008155,-58.618473,Inundaciones/Crecidas
1/16/2019 11:05:00,-32.475254,-58.215446,Inundaciones/Crecidas
1/17/2019 12:52:00,-29.893321,-60.301036,Inundaciones/Crecidas
1/17/2019 12:33:00,-28.78333,-61.692085,Inundaciones/Crecidas
1/17/2019 14:52:00,-29.90811,-59.834252,Inundaciones/Crecidas
1/17/2019 14:58:00,-31.378583,-58.076641,Inundaciones/Crecidas
1/17/2019 12:00:00,-29.704119,-57.190479,Inundaciones/Crecidas
1/17/2019 8:54:00,-29.785421,-58.07676,Inundaciones/Crecidas
1/17/2019 15:23:00,-29.691496,-60.269228,Inundaciones/Crecidas
1/17/2019 19:18:00,-31.858787,-59.067364,Inundaciones/Crecidas
1/17/2019 22:48:00,-31.378583,-58.076641,Inundaciones/Crecidas
1/17/2019 18:08:00,-27.322838,-57.978883,Inundaciones/Crecidas
1/17/2019 11:07:00,-29.497941,-59.316254,Inundaciones/Crecidas
1/18/2019 9:36:00,-27.460644,-59.065386,Inundaciones/Crecidas
1/18/2019 13:59:00,-33.008155,-58.618473,Inundaciones/Crecidas
1/18/2019 17:58:00,-33.066229,-58.391296,Inundaciones/Crecidas
1/18/2019 17:58:00,-33.070809,-58.429453,Inundaciones/Crecidas
1/18/2019 17:58:00,-33.015575,-58.505912,Inundaciones/Crecidas
1/18/2019 18:23:00,-31.411932,-58.030993,Inundaciones/Crecidas
1/23/2019 5:00:00,-32.658959,-62.315178,Inundaciones/Crecidas
1/23/2019 5:00:00,-32.8835931,-62.687167,Inundaciones/Crecidas
1/23/2019 16:00:00,-31.3990508,-64.334431,Inundaciones/Crecidas
1/23/2019 20:40:00,-29.8277836,-69.748151,Inundaciones/Crecidas
1/25/2019 6:00:00,-34.6384855,-60.500991,Inundaciones/Crecidas
1/23/2019 8:00:00,-31.6179774,-60.776298,Inundaciones/Crecidas
1/23/2019 11:00:00,-30.7457312,-59.653414,Inundaciones/Crecidas
1/25/2019 18:00:00,-31.3990508,-64.334431,Inundaciones/Crecidas
1/30/2019 2:40:00,-31.1240984,-64.493538,Inundaciones/Crecidas
1/29/2019 22:00:00,-34.581268,-58.629462,Inundaciones/Crecidas
1/30/2019 0:00:00,-33.8935675,-60.600449,Inundaciones/Crecidas
1/31/2019 7:30:00,-30.6933511,-61.057208,Inundaciones/Crecidas
1/30/2019 22:30:00,-32.9080898,-68.836063,Inundaciones/Crecidas
2/9/2019 22:30:00,-31.5257143,-68.52324,Inundaciones/Crecidas
2/9/2019 7:00:00,-33.17927,-68.624185,Inundaciones/Crecidas
2/14/2016 2:30:00,-30.97084,-64.08492,Rayos y/o truenos
10/30/2018 10:00:00,-32.85,-61.25,Rayos y/o truenos
10/29/2018 22:00:00,-33.13275,-64.336407,Granizo
11/3/2018 13:45:00,-31.412047,-64.569949,Rayos y/o truenos
11/3/2018 14:10:00,-31.247224,-64.486128,Granizo
11/3/2018 11:30:00,-31.906637,-64.563729,Rayos y/o truenos
11/3/2018 13:30:00,-31.412047,-64.569949,Rayos y/o truenos
11/3/2018 19:45:00,-28.635705,-65.143686,Rayos y/o truenos
11/5/2018 15:30:00,-31.616632,-64.880317,Rayos y/o truenos
11/9/2018 19:00:00,-36.0549,-63.56,Granizo
11/10/2018 10:00:00,-34.603722,-58.381592,Rayos y/o truenos
11/10/2018 10:00:00,-35.6341,-59.78,Granizo
11/10/2018 14:15:00,-33.12,-64.35,Granizo
11/8/2018 18:00:00,-37.6199,-58.7473,Granizo
11/10/2018 17:15:00,-32.69,-62.1,Rayos y/o truenos
11/10/2018 16:00:00,-32.84,-62.86,Granizo
11/10/2018 19:00:00,-31.91,-63.68,Granizo
11/11/2018 0:00:00,-32.62,-62.69,Granizo
11/10/2018 21:30:00,-31.911,-65.036,Ráfagas y/o vientos intensos
11/10/2018 23:00:00,-32.943,-60.6563,Ráfagas y/o vientos intensos
11/10/2018 23:00:00,-32.423,-61.889,Ráfagas y/o vientos intensos
11/11/2018 23:20:00,-32.281,-64.23,Rayos y/o truenos
11/11/2018 23:00:00,-31.664,-63.047,Rayos y/o truenos
11/11/2018 23:15:00,-30.42,-64.49,Rayos y/o truenos
11/12/2018 6:30:00,-33.12,-64.348,Rayos y/o truenos
10/11/2018 21:00:00,-31.726,-61.097,Rayos y/o truenos
10/29/2018 21:00:00,-32.149234,-65.803668,Granizo
11/22/2018 10:00:00,-33.044167,-61.168056,Ráfagas y/o vientos intensos
11/21/2018 10:00:00,-32.946667,-60.639167,Rayos y/o truenos
11/25/2018 22:10:00,-32.758,-68.397,Ráfagas y/o vientos intensos
11/26/2018 16:38:00,-34.627453,-68.351532,Ráfagas y/o vientos intensos
11/26/2018 16:45:00,-34.588466,-67.845038,Granizo
11/26/2018 0:00:00,-32.47,-64.396944,Ráfagas y/o vientos intensos
11/27/2018 20:15:00,-24.726944,-64.195278,Rayos y/o truenos
11/29/2018 19:45:00,-31.783627,-64.908517,Rayos y/o truenos
11/29/2018 19:00:00,-33.178426,-68.612769,Ráfagas y/o vientos intensos
11/30/2018 22:29:00,-34.781753,-58.83774,Ráfagas y/o vientos intensos
11/29/2018 19:30:00,-33.156111,-68.587778,Rayos y/o truenos
11/30/2018 18:00:00,-33.300214,-66.334214,Ráfagas y/o vientos intensos
11/30/2018 16:57:00,-32.996111,-60.695278,Granizo
12/4/2018 16:23:00,-32.9121495,-68.8763407,Rayos y/o truenos
12/4/2018 14:10:00,-31.579148,-64.606733,Granizo
12/5/2018 18:22:00,-31.611944,-64.758333,Rayos y/o truenos
12/5/2018 15:00:00,-31.529,-64.8,Granizo
12/6/2018 1:00:00,-28.1,-65.316667,Ráfagas y/o vientos intensos
12/4/2018 17:39:00,-32.905278,-68.786667,Ráfagas y/o vientos intensos
12/9/2018 13:10:00,-35.116667,-60.5,Ráfagas y/o vientos intensos
12/9/2018 18:40:00,-33.35,-61.350278,Granizo
12/9/2018 18:40:00,-33.35,-61.350278,Ráfagas y/o vientos intensos
12/9/2018 18:40:00,-33.35,-61.350278,Granizo
12/9/2018 18:30:00,-33.4,-61.616667,Granizo
12/10/2018 18:30:00,-35.7,-64.133333,Ráfagas y/o vientos intensos
12/11/2018 15:30:00,-30.995156,-62.835391,Granizo
12/14/2018 1:10:00,-31.352605,-64.339796,Granizo
12/13/2018 22:00:00,-31.617526,-64.876243,Ráfagas y/o vientos intensos
12/14/2018 1:37:00,-31.344501,-64.370511,Rayos y/o truenos
12/14/2018 3:14:00,-31.423182,-62.128249,Rayos y/o truenos
12/13/2018 22:22:00,-33.124243,-64.412231,Rayos y/o truenos
12/13/2018 10:30:00,-32.951937,-60.838248,Ráfagas y/o vientos intensos
12/14/2018 0:00:00,-32.170446,-64.193388,Ráfagas y/o vientos intensos
12/17/2018 5:00:00,-34.827799,-57.983381,Ráfagas y/o vientos intensos
12/17/2018 9:00:00,-34.590672,-61.025472,Ráfagas y/o vientos intensos
12/19/2018 23:50:00,-32.896111,-68.4433,Rayos y/o truenos
12/20/2018 14:57:00,-34.762761,-58.405322,Granizo
12/25/2018 20:55:00,-32.928818,-68.884726,Granizo
12/26/2018 9:49:00,-38.941214,-68.185441,Granizo
12/25/2018 20:30:00,-33.2995097,-68.0511007,Granizo
12/25/2018 20:30:00,-32.95132,-69.218615,Granizo
12/26/2018 16:43:00,-36.216872,-65.451079,Granizo
12/26/2018 22:54:00,-36.619367,-64.371276,Rayos y/o truenos
12/27/2018 5:42:00,-33.321548,-62.055725,Rayos y/o truenos
12/30/2018 4:00:00,-31.399344,-64.334431,Rayos y/o truenos
12/28/2018 19:08:00,-34.678071,-68.141319,Ráfagas y/o vientos intensos
12/28/2018 19:43:00,-32.952284,-60.768198,Ráfagas y/o vientos intensos
12/28/2018 23:02:00,-37.603561,-62.418295,Granizo
12/29/2018 19:30:00,-37.603561,-62.418295,Ráfagas y/o vientos intensos
12/28/2018 19:00:00,-37.688728,-63.178219,Ráfagas y/o vientos intensos
12/29/2018 21:58:00,-37.542229,-62.782017,Ráfagas y/o vientos intensos
12/29/2018 12:25:00,-27.496129,-61.700252,Ráfagas y/o vientos intensos
12/30/2018 2:40:00,-34.553988,-58.771325,Ráfagas y/o vientos intensos
12/30/2018 4:00:00,-33.458523,-61.50504,Ráfagas y/o vientos intensos
12/30/2018 3:00:00,-32.914463,-64.035818,Ráfagas y/o vientos intensos
12/30/2018 11:55:00,-35.159561,-58.303393,Ráfagas y/o vientos intensos
12/30/2018 4:01:00,-32.952284,-60.768198,Rayos y/o truenos
1/1/2019 16:37:00,-27.406909,-55.97396,Ráfagas y/o vientos intensos
1/1/2019 15:36:00,-38.366415,-60.354995,Ráfagas y/o vientos intensos
1/1/2019 15:44:00,-38.342792,-61.406111,Ráfagas y/o vientos intensos
1/2/2019 14:10:00,-34.920853,-57.956413,Ráfagas y/o vientos intensos
1/6/2019 16:30:00,-31.423182,-62.128248,Ráfagas y/o vientos intensos
1/6/2019 16:37:00,-31.72903,-65.019997,Ráfagas y/o vientos intensos
1/5/2019 20:40:00,-36.508155,-63.883087,Rayos y/o truenos
1/3/2019 2:13:00,-26.832842,-65.292635,Rayos y/o truenos
1/5/2019 19:07:00,-37.136934,-63.684543,Ráfagas y/o vientos intensos
1/6/2019 14:20:00,-31.913506,-64.59215,Ráfagas y/o vientos intensos
1/8/2019 20:36:00,-27.486234,-58.862428,Rayos y/o truenos
1/8/2019 21:03:00,-27.460644,-59.065386,Rayos y/o truenos
1/8/2019 18:30:00,-35.029591,-63.598363,Granizo
1/7/2019 4:30:00,-27.486234,-58.862428,Rayos y/o truenos
1/7/2019 0:00:00,-30.014436,-59.547166,Rayos y/o truenos
1/6/2019 21:27:00,-28.455989,-62.864458,Ráfagas y/o vientos intensos
1/8/2019 23:38:00,-27.470225,-58.851863,Rayos y/o truenos
1/8/2019 22:49:00,-29.785421,-58.07676,Ráfagas y/o vientos intensos
1/8/2019 23:30:00,-35.661001,-63.786217,Granizo
1/10/2019 1:57:00,-27.42888,-64.820758,Ráfagas y/o vientos intensos
1/8/2019 1:30:00,-27.460644,-59.065386,Rayos y/o truenos
1/13/2019 8:41:00,-32.952284,-60.768198,Rayos y/o truenos
1/15/2019 10:08:00,-30.949438,-59.819247,Rayos y/o truenos
1/16/2019 18:20:00,-34.627488,-68.360229,Granizo
1/16/2019 22:48:00,-34.771905,-62.997427,Rayos y/o truenos
1/17/2019 12:00:00,-29.704119,-57.190479,Ráfagas y/o vientos intensos
1/18/2019 10:56:00,-27.486234,-58.862428,Rayos y/o truenos
1/24/2019 2:20:00,-32.928746,-68.884726,Rayos y/o truenos
1/23/2019 15:45:00,-29.170444,-56.676914,Ráfagas y/o vientos intensos
1/23/2019 16:00:00,-31.3990508,-64.334431,Ráfagas y/o vientos intensos
1/23/2019 20:40:00,-29.8277836,-69.748151,Rayos y/o truenos
1/25/2019 16:00:00,-31.9772085,-64.590912,Rayos y/o truenos
1/26/2019 3:00:00,-33.5823511,-69.062079,Rayos y/o truenos
1/26/2019 2:00:00,-30.7849836,-64.66046,Rayos y/o truenos
1/30/2019 2:40:00,-31.1240984,-64.493538,Rayos y/o truenos
1/30/2019 8:00:00,-29.3985014,-66.803371,Rayos y/o truenos
1/29/2019 22:10:00,-32.3508838,-65.025301,Rayos y/o truenos
1/30/2019 0:00:00,-31.9772085,-64.590912,Rayos y/o truenos
1/30/2019 22:30:00,-32.9080898,-68.836063,Rayos y/o truenos
2/1/2019 23:00:00,-33.0718775,-68.546706,Rayos y/o truenos
2/8/2019 20:00:00,-34.8319778,-58.440095,Rayos y/o truenos
2/8/2019 18:00:00,-32.0771512,-64.535358,Rayos y/o truenos
10/29/2018 22:05:00,-33.11956,-64.327968,Rayos y/o truenos
2/14/2016 2:30:00,-30.97084,-64.08492,Ráfagas y/o vientos intensos
10/30/2018 10:00:00,-32.85,-61.25,Ráfagas y/o vientos intensos
10/30/2018 12:50:00,-31.39905,-64.334774,Lluvias intensas
10/29/2018 22:00:00,-33.13275,-64.336407,Rayos y/o truenos
11/3/2018 14:10:00,-31.247224,-64.486128,Ráfagas y/o vientos intensos
11/3/2018 15:00:00,-31.282416,-64.849363,Lluvias intensas
11/3/2018 19:45:00,-28.635705,-65.143686,Lluvias intensas
11/5/2018 15:30:00,-31.616632,-64.880317,Lluvias intensas
11/4/2018 17:30:00,-32.077224,-64.57482,Lluvias intensas
11/9/2018 21:30:00,-35.46,-60.21,Lluvias intensas
11/9/2018 20:30:00,-35.073364,-60.462141,Ráfagas y/o vientos intensos
11/10/2018 10:00:00,-35.6341,-59.78,Ráfagas y/o vientos intensos
11/10/2018 14:15:00,-33.12,-64.35,Rayos y/o truenos
11/10/2018 16:58:00,-31.97,-64.35,Rayos y/o truenos
11/10/2018 17:15:00,-32.69,-62.1,Ráfagas y/o vientos intensos
11/10/2018 18:00:00,-32.63,-62.69,Lluvias intensas
10/29/2018 21:00:00,-33.06,-64.21,Lluvias intensas
9/18/2018 17:00:00,-33.06,-64.21,Ráfagas y/o vientos intensos
11/10/2018 18:00:00,-32.59,-62.83,Lluvias intensas
11/10/2018 21:30:00,-31.911,-65.036,Lluvias intensas
11/11/2018 21:30:00,-30.698,-64.074,Rayos y/o truenos
11/11/2018 23:20:00,-32.281,-64.23,Lluvias intensas
11/11/2018 18:00:00,-30.722,-64.808,Lluvias intensas
11/11/2018 23:15:00,-30.42,-64.49,Lluvias intensas
11/11/2018 22:00:00,-32.346,-65.016,Rayos y/o truenos
11/10/2018 23:20:00,-31.833,-64.983,Rayos y/o truenos
11/12/2018 1:03:00,-31.136,-64.297,Lluvias intensas
10/29/2018 21:00:00,-32.149234,-65.803668,Rayos y/o truenos
11/26/2018 16:38:00,-34.627453,-68.351532,Lluvias intensas
11/25/2018 16:20:00,-34.580087,-68.449014,Lluvias intensas
11/29/2018 19:00:00,-33.178426,-68.612769,Rayos y/o truenos
11/29/2018 19:30:00,-33.156111,-68.587778,Lluvias intensas
11/29/2018 14:40:00,-34.978292,-67.689557,Lluvias intensas
11/29/2018 15:00:00,-34.614632,-68.33929,Lluvias intensas
11/30/2018 18:00:00,-33.300214,-66.334214,Lluvias intensas
11/30/2018 17:20:00,-28.180037,-65.662505,Lluvias intensas
11/30/2018 16:57:00,-32.996111,-60.695278,Rayos y/o truenos
12/5/2018 15:43:00,-31.611944,-64.758333,Lluvias intensas
12/5/2018 15:50:00,-31.611944,-64.758333,Rayos y/o truenos
12/5/2018 16:37:00,-31.611944,-64.758333,Lluvias intensas
12/9/2018 7:20:00,-33.012315,-66.309479,Lluvias intensas
12/9/2018 18:30:00,-33.4,-61.616667,Lluvias intensas
12/9/2018 18:40:00,-33.35,-61.350278,Lluvias intensas
12/9/2018 18:40:00,-33.35,-61.350278,Lluvias intensas
12/10/2018 18:30:00,-35.7,-64.133333,Rayos y/o truenos
12/10/2018 18:00:00,-35.384229,-64.297348,Ráfagas y/o vientos intensos
12/10/2018 15:00:00,-33.906715,-65.42487,Ráfagas y/o vientos intensos
12/11/2018 14:45:00,-31.633333,-60.7,Lluvias intensas
12/11/2018 15:30:00,-30.995156,-62.835391,Ráfagas y/o vientos intensos
12/11/2018 15:07:00,-31.671771,-60.761634,Lluvias intensas
12/12/2018 16:36:00,-24.2411,-65.2619,Lluvias intensas
12/12/2018 17:20:00,-24.185556,-65.299444,Lluvias intensas
12/14/2018 1:10:00,-31.352605,-64.339796,Ráfagas y/o vientos intensos
12/19/2018 23:50:00,-32.896111,-68.4433,Ráfagas y/o vientos intensos
12/25/2018 20:47:00,-32.9121388,-68.8763206,Lluvias intensas
12/26/2018 17:00:00,-36.216872,-65.451079,Ráfagas y/o vientos intensos
12/29/2018 0:30:00,-37.015966,-62.435461,Lluvias intensas
12/28/2018 19:20:00,-34.627488,-68.360229,Lluvias intensas
12/28/2018 19:08:00,-34.678071,-68.141319,Lluvias intensas
12/28/2018 23:02:00,-37.603561,-62.418295,Ráfagas y/o vientos intensos
12/29/2018 10:09:00,-37.671855,-63.551342,Ráfagas y/o vientos intensos
12/29/2018 22:12:00,-33.173964,-65.007036,Lluvias intensas
1/1/2019 15:36:00,-38.366415,-60.354995,Lluvias intensas
1/1/2019 16:00:00,-38.447554,-61.569246,Ráfagas y/o vientos intensos
1/5/2019 20:44:00,-34.627488,-68.360229,Lluvias intensas
1/9/2019 2:22:00,-37.319518,-59.177722,Lluvias intensas
1/17/2019 0:00:00,-36.772296,-59.921128,Rayos y/o truenos
10/29/2018 22:05:00,-33.11956,-64.327968,Granizo
10/30/2018 10:00:00,-32.85,-61.25,Lluvias intensas
10/29/2018 22:00:00,-33.13275,-64.336407,Lluvias intensas
11/4/2018 7:36:00,-33.144595,-64.365,Rayos y/o truenos
11/10/2018 17:15:00,-32.69,-62.1,Lluvias intensas
10/29/2018 21:00:00,-33.06,-64.21,Rayos y/o truenos
9/18/2018 17:00:00,-33.06,-64.21,Rayos y/o truenos
11/10/2018 21:30:00,-31.911,-65.036,Rayos y/o truenos
11/10/2018 19:45:00,-32.347,-65.016,Lluvias intensas
11/11/2018 0:00:00,-32.943,-60.6563,Lluvias intensas
11/13/2018 6:32:00,-31.8264,-65.0049,Lluvias intensas
11/22/2018 10:00:00,-33.044167,-61.168056,Rayos y/o truenos
11/22/2018 11:00:00,-29.80277778,-64.716667,Lluvias intensas
11/25/2018 22:10:00,-32.758,-68.397,Rayos y/o truenos
11/27/2018 20:15:00,-24.726944,-64.195278,Lluvias intensas
11/29/2018 20:55:00,-28.416673,-65.28741,Lluvias intensas
11/30/2018 22:29:00,-34.781753,-58.83774,Rayos y/o truenos
12/4/2018 16:23:00,-32.9121495,-68.8763407,Lluvias intensas
12/4/2018 14:10:00,-31.579148,-64.606733,Lluvias intensas
12/4/2018 16:24:00,-32.905278,-32.905278,Lluvias intensas
12/9/2018 13:30:00,-35.116667,-60.5,Lluvias intensas
12/9/2018 18:30:00,-33.4,-61.616667,Lluvias intensas
12/10/2018 18:30:00,-35.7,-64.133333,Granizo
12/10/2018 19:00:00,-35.416667,-64.483333,Granizo
12/11/2018 16:00:00,-30.916981,-62.690444,Lluvias intensas
12/11/2018 9:38:00,-35.168698,-58.24047,Lluvias intensas
12/11/2018 16:38:00,-30.916904,-62.707954,Granizo
12/12/2018 23:30:00,-28.455989,-62.864458,Lluvias intensas
12/12/2018 10:56:00,-28.04627,-58.244841,Rayos y/o truenos
12/14/2018 1:10:00,-31.352605,-64.339796,Rayos y/o truenos
12/14/2018 1:00:00,-31.3786111,-64.23,Lluvias intensas
12/13/2018 22:00:00,-31.617526,-64.876243,Rayos y/o truenos
12/14/2018 2:00:00,-33.022838,-60.656861,Lluvias intensas
12/17/2018 5:00:00,-34.827799,-57.983381,Rayos y/o truenos
12/17/2018 10:26:00,-34.679319,-58.479965,Lluvias intensas
12/17/2018 13:20:00,-34.894606,-57.930248,Lluvias intensas
12/19/2018 23:50:00,-32.896111,-68.4433,Lluvias intensas
12/20/2018 22:12:00,-27.454983,-55.896709,Granizo
12/26/2018 17:00:00,-36.216872,-65.451079,Lluvias intensas
12/27/2018 17:59:00,-31.029554,-64.527612,Granizo
12/27/2018 22:19:00,-25.314151,-64.914735,Lluvias intensas
12/30/2018 4:00:00,-31.399344,-64.334431,Lluvias intensas
12/28/2018 19:43:00,-32.952284,-60.768198,Granizo
12/28/2018 23:02:00,-37.603561,-62.418295,Rayos y/o truenos
12/28/2018 19:00:00,-37.688728,-63.178219,Granizo
12/29/2018 21:58:00,-37.542229,-62.782017,Granizo
12/30/2018 1:40:00,-34.61806,-59.015499,Lluvias intensas
12/30/2018 2:40:00,-33.350426,-60.290837,Rayos y/o truenos
12/30/2018 2:00:00,-34.450541,-58.601619,Rayos y/o truenos
12/29/2018 20:43:00,-37.458808,-61.954915,Rayos y/o truenos
12/30/2018 3:00:00,-32.914463,-64.035818,Rayos y/o truenos
12/30/2018 0:35:00,-35.120893,-60.479211,Lluvias intensas
12/30/2018 1:00:00,-38.283915,-59.220209,Lluvias intensas
1/6/2019 16:30:00,-31.423182,-62.128248,Rayos y/o truenos
1/6/2019 16:37:00,-31.72903,-65.019997,Rayos y/o truenos
1/6/2019 0:04:00,-35.033329,-63.041302,Lluvias intensas
1/6/2019 0:49:00,-33.749569,-62.007345,Lluvias intensas
1/5/2019 19:07:00,-37.136934,-63.684543,Rayos y/o truenos
1/8/2019 20:27:00,-26.991827,-65.460907,Lluvias intensas
1/7/2019 4:30:00,-27.486234,-58.862428,Lluvias intensas
1/10/2019 1:57:00,-27.42888,-64.820758,Rayos y/o truenos
11/4/2018 0:30:00,-28.304883,-64.219885,Tornado
12/1/2013 17:10:00,-34.972222,-59.979967,Tornado
11/9/2018 19:00:00,-36.0549,-63.56,Tornado
11/30/2018 19:00:00,-32.732979,-65.28741,Tornado
11/30/2018 17:50:00,-31.424459,-62.085118,Tornado
12/11/2018 15:00:00,-30.948991,-59.81899,Tornado
12/11/2018 18:20:00,-26.230363,-65.289668,Tornado
10/30/2018 20:08:00,-33.122987,-64.347757,Tornado
12/30/2018 3:00:00,,,Tornado
12/28/2018 14:00:00,-33.297637,-66.379706,Tornado
2/1/2019 16:30:00,-35.3896094,-57.35894,Tornado
2/1/2019 16:30:00,-35.3896094,-57.35894,Tornado
11/4/2018 0:30:00,-28.304883,-64.219885,Ráfagas y/o vientos intensos
12/1/2013 17:10:00,-34.972222,-59.979967,Lluvias intensas
11/9/2018 19:00:00,-36.0549,-63.56,Lluvias intensas
11/30/2018 19:00:00,-32.732979,-65.28741,Lluvias intensas
12/30/2018 3:00:00,,,Ráfagas y/o vientos intensos
10/30/2018 13:00:00,-32.95214,-60.76837,Lluvias intensas
2/14/2016 2:30:00,-30.97084,-64.08492,Granizo
11/3/2018 13:45:00,-31.412047,-64.569949,Ráfagas y/o vientos intensos
11/3/2018 14:37:00,-31.136877,-64.30521,Lluvias intensas
11/3/2018 14:30:00,-31.124098,-64.493581,Lluvias intensas
10/3/2018 14:10:00,-31.39905,-64.334774,Lluvias intensas
11/3/2018 13:30:00,-31.412047,-64.569949,Ráfagas y/o vientos intensos
11/3/2018 13:00:00,-31.36096,-64.333492,Lluvias intensas
11/5/2018 23:30:00,-26.873517,-65.306842,Lluvias intensas
11/6/2018 15:00:00,-31.3609601,-64.333492,Lluvias intensas
11/9/2018 21:30:00,-35.46,-60.21,Granizo
11/10/2018 10:00:00,-34.603722,-58.381592,Ráfagas y/o vientos intensos
11/10/2018 14:15:00,-33.12,-64.35,Ráfagas y/o vientos intensos
10/29/2018 21:00:00,-33.06,-64.21,Granizo
11/10/2018 19:45:00,-32.347,-65.016,Ráfagas y/o vientos intensos
11/11/2018 21:30:00,-30.698,-64.074,Lluvias intensas
11/11/2018 22:50:00,-31.074,-64.489,Lluvias intensas
11/11/2018 0:00:00,-32.943,-60.6563,Ráfagas y/o vientos intensos
11/11/2018 23:00:00,-28.637,-65.129,Lluvias intensas
11/11/2018 22:00:00,-32.346,-65.016,Lluvias intensas
11/11/2018 20:30:00,-33.12,-64.348,Lluvias intensas
11/12/2018 1:03:00,-31.136,-64.297,Granizo
11/21/2018 10:00:00,-32.946667,-60.639167,Ráfagas y/o vientos intensos
11/30/2018 23:00:00,-34.563,-58.458,Lluvias intensas
11/29/2018 20:55:00,-28.416673,-65.28741,Ráfagas y/o vientos intensos
12/1/2018 0:30:00,-31.681237,-65.28741,Lluvias intensas
11/29/2018 19:00:00,-33.178426,-68.612769,Lluvias intensas
11/29/2018 19:30:00,-33.156111,-68.587778,Ráfagas y/o vientos intensos
11/16/2018 19:20:00,-38.012427,-57.530487,Lluvias intensas
12/4/2018 21:30:00,-31.783627,-64.908517,Lluvias intensas
12/4/2018 14:10:00,-31.579148,-64.606733,Ráfagas y/o vientos intensos
12/5/2018 15:50:00,-31.611944,-64.758333,Lluvias intensas
12/10/2018 21:28:00,-35.033333,-63.016667,Ráfagas y/o vientos intensos
12/10/2018 19:00:00,-35.533333,-63.8,Granizo
10/29/2018 22:45:00,-32.452778,-64.388056,Granizo
12/14/2018 0:00:00,-31.5284666,-63.977312,Lluvias intensas
12/14/2018 3:14:00,-31.423182,-62.128249,Ráfagas y/o vientos intensos
12/14/2018 21:38:00,-25.79434,-66.056165,Lluvias intensas
12/13/2018 10:30:00,-32.951937,-60.838248,Lluvias intensas
12/14/2018 1:30:00,-31.423109,-62.128249,Ráfagas y/o vientos intensos
12/17/2018 3:00:00,-33.144579,-59.349873,Lluvias intensas
12/25/2018 23:50:00,-32.941602,-68.839066,Ráfagas y/o vientos intensos
12/29/2018 0:30:00,-37.015966,-62.435461,Granizo
12/30/2018 3:00:00,,,Ráfagas y/o vientos intensos
12/28/2018 19:00:00,-37.688728,-63.178219,Lluvias intensas
12/30/2018 3:00:00,-33.606929,-62.631919,Ráfagas y/o vientos intensos
12/30/2018 1:00:00,-38.283915,-59.220209,Ráfagas y/o vientos intensos
1/2/2019 11:15:00,-34.672637,-62.290115,Ráfagas y/o vientos intensos
1/8/2019 23:38:00,-27.470225,-58.851863,Ráfagas y/o vientos intensos
1/8/2019 22:49:00,-29.785421,-58.07676,Lluvias intensas
1/18/2019 10:56:00,-27.486234,-58.862428,Ráfagas y/o vientos intensos
1/26/2019 2:00:00,-30.7849836,-64.66046,Ráfagas y/o vientos intensos
1/30/2019 2:40:00,-31.1240984,-64.493538,Ráfagas y/o vientos intensos
